style_id,upc_num,priority,case,availability,qty_on_hand,qty_on_order,qty_total,qty_sales_order,qty_sold_last_6m,qty_avg/mo,months_of_supply,wholesale_price_x,cte_cost,qty_cte_cost,status,2015,2016,2017,2018,2019,2020,2021,2022-01,2022-02,2022-03,2022-04,qt_sales_order,total_sales_2022,qt_on_hand,monthly_avg_2022,wholesale_price_y,color,country_of_origin,warranty,band_color,band_material,case_material,clasp_type,dial_color,movement_type,water_resistant,max_cart_qty,case_size,gender,retail_price,collection
CE1107,796483527706,C,35MM,Available,12.0,0,12.0,10.0,43,7.166666666666667,3.069767441860465,115.0,80.5,805.0,No status reported,0.0,0.0,0.0,0.0,0.0,0.0,19.0,11.0,6.0,5.0,7.0,4.0,29.0,12.0,7.25,161.0,White,Japan - JP,2 - Year International Limited Warranty,White,Ceramic,Stainless Steel,Fold-Over,White,Quartz,100m - 330ft - 10atm,100.0,35.0,Ladies,230.0,Fb - 01
CE1108,796483528413,C,35MM,Available,17.0,0,17.0,0.0,23,3.8333333333333335,4.434782608695652,115.0,80.5,0.0,No status reported,0.0,0.0,0.0,0.0,0.0,0.0,16.0,5.0,0.0,2.0,3.0,3.0,10.0,17.0,2.5,161.0,Black,Japan - JP,2 - Year International Limited Warranty,Black,Ceramic,Stainless Steel,Fold-Over,Black,Quartz,100m - 330ft - 10atm,100.0,35.0,Ladies,230.0,Fb - 01
CE1111,796483547278,C,36MM,Available,0.0,0,0.0,10.0,5,0.8333333333333334,12.0,115.0,80.5,805.0,2021H3,0.0,0.0,0.0,0.0,0.0,0.0,0.0,0.0,0.0,4.0,0.0,1.0,4.0,0.0,1.0,161.0,Brown,China - CN,2 - Year International Limited Warranty,Brown,Ceramic,Stainless Steel,Clasp,Brown,Quartz,100m - 330ft - 10atm,100.0,36.0,Ladies,230.0,Fb - 01
CE1112,796483548251,C,38MM,Available,8.0,0,8.0,5.0,22,3.6666666666666665,3.5454545454545454,115.0,80.5,402.5,2021H3,0.0,0.0,0.0,0.0,0.0,0.0,0.0,8.0,3.0,7.0,1.0,3.0,19.0,8.0,4.75,161.0,Rose gold,China - CN,2 - Year International Limited Warranty,Brown,Ceramic,Ceramic,Buckle,Rose Gold,Quartz,50m - 160ft - 5atm,100.0,38.0,Ladies,230.0,Stella
CE1113,796483548268,C,38MM,Available,14.0,0,14.0,5.0,26,4.333333333333333,4.384615384615385,115.0,80.5,402.5,2021H3,0.0,0.0,0.0,0.0,0.0,0.0,0.0,10.0,7.0,2.0,4.0,3.0,23.0,14.0,5.75,161.0,Silver,China - CN,2 - Year International Limited Warranty,White,Ceramic,Ceramic,Buckle,Silver,Quartz,50m - 160ft - 5atm,100.0,38.0,Ladies,230.0,Stella
CH2564,691464293086,B,44MM,Available,48.0,0,48.0,40.0,108,18.0,4.888888888888889,75.0,52.5,2100.0,No status reported,71.0,181.0,260.0,381.0,170.0,0.0,42.0,16.0,8.0,27.0,11.0,9.0,62.0,48.0,15.5,105.0,Blue,Japan - JP,2 - Year International Limited Warranty,Black,Leather,Stainless Steel,No clasp type reported,Blue,Quartz,50m - 160ft - 5atm,10000.0,44.0,Mens,150.0,Coachman
CH2565,691464293093,B,44MM,Delivery within 6 weeks,22.0,0,22.0,60.0,107,17.833333333333332,4.598130841121495,75.0,52.5,3150.0,No status reported,69.0,208.0,272.0,282.0,86.0,86.0,149.0,18.0,7.0,25.0,11.0,9.0,61.0,22.0,15.25,105.0,Brown,Japan - JP,2 - Year International Limited Warranty,Brown,Leather,Stainless Steel,No clasp type reported,Brown,Quartz,50m - 160ft - 5atm,10000.0,44.0,Mens,150.0,Coachman
CH2891,796483033177,B,44MM,Available,2.0,40,42.0,30.0,98,16.333333333333332,4.408163265306123,75.0,52.5,1575.0,No status reported,60.0,100.0,141.0,220.0,100.0,20.0,46.0,11.0,7.0,26.0,11.0,11.0,55.0,2.0,13.75,105.0,Black,Japan - JP,2 - Year International Limited Warranty,Brown,Leather,Stainless Steel,No clasp type reported,Black,Quartz,50m - 160ft - 5atm,10000.0,44.0,Mens,150.0,Coachman
ES2811,691464629922,B,38MM,Available,38.0,0,38.0,50.0,164,27.333333333333332,3.2195121951219514,75.0,52.5,2625.0,No status reported,48.0,119.0,234.0,221.0,263.0,93.0,225.0,31.0,14.0,20.0,44.0,4.0,109.0,38.0,27.25,105.0,Gold,Japan - JP,2 - Year International Limited Warranty,Rose Gold,Stainless Steel,Stainless Steel,No clasp type reported,Gold,Quartz,50m - 160ft - 5atm,10000.0,38.0,Ladies,150.0,Riley
ES2830,691464707514,B,32MM,Available,23.0,0,23.0,0.0,12,2.0,11.5,60.0,42.0,0.0,No status reported,19.0,52.0,37.0,114.0,101.0,20.0,20.0,3.0,6.0,3.0,0.0,0.0,12.0,23.0,3.0,84.0,Brown,Japan - JP,2 - Year International Limited Warranty,Brown,Leather,Stainless Steel,No clasp type reported,Brown,Quartz,50m - 160ft - 5atm,10000.0,32.0,Ladies,120.0,Georgia
ES3202,691464949020,B,38MM,Available,52.0,0,52.0,30.0,135,22.5,3.6444444444444444,65.0,45.5,1365.0,No status reported,71.0,126.0,443.0,693.0,601.0,197.0,197.0,27.0,1.0,22.0,32.0,4.0,82.0,52.0,20.5,91.0,White,Japan - JP,2 - Year International Limited Warranty,Silver,Stainless Steel,Stainless Steel,No clasp type reported,White,Quartz,50m - 160ft - 5atm,10000.0,38.0,Ladies,130.0,Riley
ES3203,691464949037,B,38MM,Available,74.0,0,74.0,30.0,182,30.333333333333332,3.428571428571429,75.0,52.5,1575.0,No status reported,94.0,197.0,363.0,353.0,368.0,103.0,260.0,29.0,15.0,36.0,36.0,11.0,116.0,74.0,29.0,105.0,Gold,Japan - JP,2 - Year International Limited Warranty,Gold,Stainless Steel,Stainless Steel,No clasp type reported,Gold,Quartz,50m - 160ft - 5atm,10000.0,38.0,Ladies,150.0,Riley
ES3204,691464949044,B,38MM,Available,20.0,10,30.0,60.0,160,26.666666666666668,3.375,70.0,49.0,2940.0,No status reported,70.0,204.0,276.0,415.0,305.0,168.0,166.0,24.0,11.0,39.0,37.0,9.0,111.0,20.0,27.75,98.0,White,Japan - JP,2 - Year International Limited Warranty,Silver,Stainless Steel,Stainless Steel,No clasp type reported,White,Quartz,50m - 160ft - 5atm,10000.0,38.0,Ladies,140.0,Riley
ES3282,796483008052,B,30MM,Available,38.0,0,38.0,0.0,60,10.0,3.8,60.0,42.0,0.0,No status reported,44.0,121.0,119.0,322.0,169.0,74.0,59.0,1.0,30.0,5.0,5.0,2.0,41.0,38.0,10.25,84.0,Silver,Japan - JP,2 - Year International Limited Warranty,Silver,Stainless Steel,Stainless Steel,No clasp type reported,Silver,Quartz,50m - 160ft - 5atm,10000.0,30.0,Ladies,120.0,Virginia
ES3284,796483008076,B,30MM,Available,16.0,0,16.0,30.0,63,10.5,4.380952380952381,70.0,49.0,1470.0,No status reported,37.0,98.0,139.0,219.0,197.0,66.0,49.0,14.0,9.0,12.0,13.0,2.0,48.0,16.0,12.0,98.0,White,Japan - JP,2 - Year International Limited Warranty,Rose Gold,Stainless Steel,Stainless Steel,No clasp type reported,White,Quartz,50m - 160ft - 5atm,10000.0,30.0,Ladies,140.0,Virginia
ES3433,796483045651,B,36MM,Available,26.0,0,26.0,20.0,70,11.666666666666666,3.942857142857143,70.0,49.0,980.0,No status reported,71.0,111.0,323.0,710.0,449.0,169.0,91.0,11.0,17.0,4.0,13.0,2.0,45.0,26.0,11.25,98.0,White,Japan - JP,2 - Year International Limited Warranty,Silver,Stainless Steel,Stainless Steel,No clasp type reported,White,Quartz,50m - 160ft - 5atm,10000.0,36.0,Ladies,140.0,Jacqueline
ES3434,796483045668,C,36MM,Available,19.0,0,19.0,20.0,56,9.333333333333334,4.178571428571428,70.0,49.0,980.0,No status reported,80.0,141.0,209.0,283.0,350.0,117.0,96.0,0.0,1.0,17.0,15.0,4.0,33.0,19.0,8.25,98.0,Gold,Japan - JP,2 - Year International Limited Warranty,Gold,Stainless Steel,Stainless Steel,No clasp type reported,Gold,Quartz,50m - 160ft - 5atm,10000.0,36.0,Ladies,140.0,Jacqueline
ES3466,796483064980,B,38MM,Available,19.0,0,19.0,10.0,53,8.833333333333334,3.283018867924528,80.0,56.0,560.0,No status reported,28.0,61.0,21.0,102.0,49.0,27.0,24.0,5.0,1.0,27.0,2.0,2.0,35.0,19.0,8.75,112.0,Silver,Japan - JP,2 - Year International Limited Warranty,Brown,Leather,Stainless Steel,No clasp type reported,Silver,Quartz,50m - 160ft - 5atm,10000.0,38.0,Ladies,160.0,Riley
ES3545,796483081666,B,36MM,Available,20.0,0,20.0,0.0,30,5.0,4.0,80.0,56.0,0.0,No status reported,59.0,84.0,151.0,345.0,160.0,78.0,63.0,5.0,0.0,5.0,3.0,2.0,13.0,20.0,3.25,112.0,White,Japan - JP,2 - Year International Limited Warranty,Silver,Stainless Steel,Stainless Steel,No clasp type reported,White,Quartz,50m - 160ft - 5atm,10000.0,36.0,Ladies,160.0,Jacqueline
ES3546,796483081680,B,36MM,Available,22.0,30,52.0,0.0,48,8.0,6.5,80.0,56.0,0.0,No status reported,46.0,79.0,88.0,192.0,117.0,42.0,87.0,0.0,5.0,7.0,4.0,1.0,16.0,22.0,4.0,112.0,Rose gold,Japan - JP,2 - Year International Limited Warranty,Rose Gold,Stainless Steel,Stainless Steel,No clasp type reported,Rose Gold,Quartz,50m - 160ft - 5atm,10000.0,36.0,Ladies,160.0,Jacqueline
ES3708,796483138216,B,36MM,Available,34.0,0,34.0,0.0,11,1.8333333333333333,18.545454545454547,60.0,42.0,0.0,No status reported,10.0,27.0,72.0,64.0,52.0,25.0,40.0,3.0,3.0,4.0,0.0,1.0,10.0,34.0,2.5,84.0,Silver,Japan - JP,2 - Year International Limited Warranty,Brown,Leather,Stainless Steel,Buckle,Silver,Quartz,30m - 100ft - 3atm,10000.0,36.0,Ladies,120.0,Jacqueline
ES3716,796483150430,B,30MM,Available,30.0,0,30.0,10.0,58,9.666666666666666,4.137931034482759,80.0,56.0,560.0,No status reported,40.0,86.0,93.0,136.0,123.0,56.0,66.0,12.0,2.0,11.0,2.0,5.0,27.0,30.0,6.75,112.0,Mother of pearl,Japan - JP,2 - Year International Limited Warranty,Rose Gold,Stainless Steel,Stainless Steel,No clasp type reported,Mother Of Pearl,Quartz,50m - 160ft - 5atm,10000.0,30.0,Ladies,160.0,Virginia
ES3843,796483181984,B,36MM,Available,18.0,10,28.0,0.0,22,3.6666666666666665,7.636363636363637,60.0,42.0,0.0,No status reported,11.0,31.0,115.0,93.0,93.0,56.0,33.0,4.0,13.0,0.0,0.0,2.0,17.0,18.0,4.25,84.0,White,Japan - JP,2 - Year International Limited Warranty,Blue,Leather,Stainless Steel,No clasp type reported,White,Quartz,50m - 160ft - 5atm,10000.0,36.0,Ladies,120.0,Jacqueline
ES3988,796483244603,B,36MM,Available,18.0,0,18.0,0.0,12,2.0,9.0,60.0,42.0,0.0,No status reported,0.0,23.0,23.0,55.0,13.0,11.0,23.0,3.0,3.0,3.0,1.0,2.0,10.0,18.0,2.5,84.0,White,Japan - JP,2 - Year International Limited Warranty,White,Leather,Stainless Steel,No clasp type reported,White,Quartz,50m - 160ft - 5atm,10000.0,36.0,Ladies,120.0,Jacqueline
ES4274,796483338838,B,36MM,Available,35.0,0,35.0,0.0,42,7.0,5.0,60.0,42.0,0.0,No status reported,0.0,0.0,38.0,100.0,90.0,23.0,27.0,0.0,0.0,24.0,0.0,1.0,24.0,35.0,6.0,84.0,Blue,Japan - JP,2 - Year International Limited Warranty,Brown,Leather,Stainless Steel,No clasp type reported,Blue,Quartz,50m - 160ft - 5atm,10000.0,36.0,Ladies,120.0,Jacqueline
ES4301,796483358065,B,35MM,Available,41.0,0,41.0,0.0,50,8.333333333333334,4.92,70.0,49.0,0.0,No status reported,0.0,0.0,0.0,235.0,142.0,84.0,41.0,1.0,0.0,7.0,4.0,8.0,12.0,41.0,3.0,98.0,Rose gold,Japan - JP,2 - Year International Limited Warranty,Rose Gold,Stainless Steel,Stainless Steel,No clasp type reported,Rose Gold,Quartz,50m - 160ft - 5atm,10000.0,35.0,Ladies,140.0,Carlie
ES4317,796483354241,A,32MM,Available,90.0,50,140.0,0.0,65,10.833333333333334,12.923076923076922,65.0,45.5,0.0,No status reported,0.0,0.0,42.0,337.0,255.0,95.0,90.0,0.0,0.0,5.0,5.0,10.0,10.0,90.0,2.5,91.0,Silver,Japan - JP,2 - Year International Limited Warranty,Silver,Stainless Steel,Stainless Steel,No clasp type reported,Silver,Quartz,50m - 160ft - 5atm,10000.0,32.0,Ladies,130.0,Scarlette mini
ES4318,796483354258,A,32MM,Available,30.0,0,30.0,10.0,55,9.166666666666666,4.363636363636364,70.0,49.0,490.0,No status reported,0.0,0.0,53.0,312.0,125.0,103.0,75.0,2.0,0.0,4.0,7.0,9.0,13.0,30.0,3.25,98.0,Rose gold,Japan - JP,2 - Year International Limited Warranty,Rose Gold,Stainless Steel,Stainless Steel,No clasp type reported,Rose Gold,Quartz,50m - 160ft - 5atm,10000.0,32.0,Ladies,140.0,Scarlette mini
ES4319,796483354265,A,32MM,Available,47.0,0,47.0,0.0,71,11.833333333333334,3.9718309859154926,70.0,49.0,0.0,No status reported,0.0,0.0,70.0,283.0,239.0,122.0,127.0,18.0,2.0,13.0,6.0,4.0,39.0,47.0,9.75,98.0,Silver,Japan - JP,2 - Year International Limited Warranty,Two-Tone,Stainless Steel,Stainless Steel,No clasp type reported,Silver,Quartz,50m - 160ft - 5atm,10000.0,32.0,Ladies,140.0,Scarlette mini
ES4341,796483363649,B,35MM,Available,36.0,0,36.0,0.0,41,6.833333333333333,5.2682926829268295,70.0,49.0,0.0,No status reported,0.0,0.0,23.0,426.0,247.0,70.0,76.0,1.0,2.0,1.0,0.0,3.0,4.0,36.0,1.0,98.0,Silver,Japan - JP,2 - Year International Limited Warranty,Silver,Stainless Steel,Stainless Steel,No clasp type reported,Silver,Quartz,50m - 160ft - 5atm,10000.0,35.0,Ladies,140.0,Carlie
ES4352,796483369450,B,36MM,Available,50.0,0,50.0,0.0,40,6.666666666666667,7.5,70.0,49.0,0.0,No status reported,0.0,0.0,0.0,206.0,156.0,70.0,80.0,19.0,8.0,7.0,4.0,0.0,38.0,50.0,9.5,98.0,Cream,Japan - JP,2 - Year International Limited Warranty,Rose Gold,Stainless Steel,Stainless Steel,No clasp type reported,Cream,Quartz,50m - 160ft - 5atm,10000.0,36.0,Ladies,140.0,Jacqueline
ES4432,796483396999,B,28MM,Available,55.0,0,55.0,0.0,65,10.833333333333334,5.076923076923077,60.0,42.0,0.0,2018H3,0.0,0.0,0.0,50.0,74.0,91.0,142.0,3.0,0.0,9.0,3.0,3.0,15.0,55.0,3.75,84.0,Mother of pearl,Japan - JP,2 - Year International Limited Warranty,Silver,Stainless Steel,Stainless Steel,No clasp type reported,Mother Of Pearl,Quartz,50m - 160ft - 5atm,10000.0,28.0,Ladies,120.0,Carlie
ES4433,796483397002,B,28MM,Available,24.0,20,44.0,0.0,56,9.333333333333334,4.714285714285714,60.0,42.0,0.0,No status reported,0.0,0.0,0.0,50.0,25.0,26.0,52.0,17.0,8.0,6.0,4.0,6.0,35.0,24.0,8.75,84.0,Mother of pearl,Japan - JP,2 - Year International Limited Warranty,Rose Gold,Stainless Steel,Stainless Steel,No clasp type reported,Mother Of Pearl,Quartz,50m - 160ft - 5atm,10000.0,28.0,Ladies,120.0,Carlie
ES4484,796483419698,B,35MM,Available,19.0,0,19.0,0.0,17,2.8333333333333335,6.705882352941176,60.0,42.0,0.0,2018H4,0.0,0.0,0.0,0.0,15.0,2.0,18.0,0.0,0.0,0.0,0.0,1.0,0.0,19.0,0.0,84.0,White,Japan - JP,2 - Year International Limited Warranty,Nude,Leather,Stainless Steel,Buckle,White,Quartz,50m - 160ft - 5atm,10000.0,35.0,Ladies,120.0,Carlie
ES4502,796483430013,B,28MM,Available,24.0,0,24.0,0.0,16,2.6666666666666665,9.0,50.0,35.0,0.0,2018H4,0.0,0.0,0.0,0.0,24.0,15.0,38.0,0.0,0.0,3.0,0.0,0.0,3.0,24.0,0.75,70.0,Mother of pearl,Japan - JP,2 - Year International Limited Warranty,Blue,Leather,Stainless Steel,Buckle,Mother Of Pearl,Quartz,50m - 160ft - 5atm,10000.0,28.0,Ladies,100.0,Carlie
ES4519,796483430471,B,38MM,Available,0.0,0,0.0,30.0,38,6.333333333333333,4.736842105263158,75.0,52.5,1575.0,2019H1,0.0,0.0,0.0,0.0,60.0,55.0,57.0,0.0,4.0,18.0,1.0,0.0,23.0,0.0,5.75,105.0,Black,Japan - JP,2 - Year International Limited Warranty,Black,Stainless Steel,Stainless Steel,Fold-Over,Black,Quartz,50m - 160ft - 5atm,10000.0,38.0,Ladies,150.0,Riley
ES4627,796483453180,B,36MM,Available,38.0,0,38.0,0.0,43,7.166666666666667,5.3023255813953485,80.0,56.0,0.0,2019H3,0.0,0.0,0.0,0.0,22.0,37.0,58.0,16.0,6.0,6.0,2.0,3.0,30.0,38.0,7.5,112.0,White,Japan - JP,2 - Year International Limited Warranty,Silver,Stainless Steel,Stainless Steel,Fold-Over,White,Quartz,30m - 100ft - 3atm,10000.0,36.0,Ladies,160.0,Jacqueline
ES4628,796483453197,B,36MM,Available,29.0,0,29.0,0.0,42,7.0,4.142857142857143,80.0,56.0,0.0,2019H3,0.0,0.0,0.0,0.0,29.0,47.0,44.0,12.0,3.0,5.0,3.0,3.0,23.0,29.0,5.75,112.0,Rose gold,Japan - JP,2 - Year International Limited Warranty,Rose Gold,Stainless Steel,Stainless Steel,Fold-Over,Rose Gold,Quartz,30m - 100ft - 3atm,10000.0,36.0,Ladies,160.0,Jacqueline
ES4647,796483452862,B,28MM,Available,53.0,30,83.0,0.0,27,4.5,18.444444444444443,65.0,45.5,0.0,2019H3,0.0,0.0,0.0,0.0,57.0,57.0,68.0,0.0,0.0,12.0,2.0,3.0,14.0,53.0,3.5,91.0,White,Japan - JP,2 - Year International Limited Warranty,Silver,Stainless Steel,Stainless Steel,Fold-Over,White,Quartz,30m - 100ft - 3atm,10000.0,28.0,Ladies,130.0,Carlie mini
ES4648,796483452855,C,28MM,Available,25.0,30,55.0,0.0,45,7.5,7.333333333333333,65.0,45.5,0.0,2019H3,0.0,0.0,0.0,0.0,0.0,30.0,21.0,0.0,0.0,14.0,3.0,7.0,17.0,25.0,4.25,91.0,Rose gold,Japan - JP,2 - Year International Limited Warranty,Rose Gold,Stainless Steel,Stainless Steel,Deployment,Rose Gold,Quartz,50m - 160ft - 5atm,10000.0,28.0,Ladies,130.0,Carlie mini
ES4649,796483452879,B,28MM,Available,13.0,0,13.0,0.0,24,4.0,3.25,65.0,45.5,0.0,2019H3,0.0,0.0,0.0,0.0,58.0,78.0,71.0,0.0,1.0,1.0,3.0,4.0,5.0,13.0,1.25,91.0,White,Japan - JP,2 - Year International Limited Warranty,Silver,Stainless Steel,Stainless Steel,Fold-Over,White,Quartz,30m - 100ft - 3atm,10000.0,28.0,Ladies,130.0,Carlie mini
ES4671,796483459472,B,36MM,Available,17.0,0,17.0,0.0,26,4.333333333333333,3.9230769230769234,70.0,49.0,0.0,2019H2,0.0,0.0,0.0,0.0,39.0,48.0,44.0,3.0,8.0,1.0,2.0,0.0,14.0,17.0,3.5,98.0,Mother of pearl,Japan - JP,2 - Year International Limited Warranty,Rose,Leather,Stainless Steel,Buckle,Mother Of Pearl,Quartz,30m - 100ft - 3atm,10000.0,36.0,Ladies,140.0,Jacqueline
ES4699,796483469723,B,28MM,Available,38.0,10,48.0,0.0,12,2.0,24.0,50.0,35.0,0.0,2019H4,0.0,0.0,0.0,0.0,0.0,1.0,58.0,0.0,10.0,0.0,0.0,0.0,10.0,38.0,2.5,70.0,White,Japan - JP,2 - Year International Limited Warranty,Nude,Leather,Stainless Steel,Buckle,White,Quartz,30m - 100ft - 3atm,10000.0,28.0,Ladies,100.0,Carlie mini
ES4700,796483469730,B,28MM,Available,34.0,0,34.0,0.0,15,2.5,13.6,50.0,35.0,0.0,2019H4,0.0,0.0,0.0,0.0,1.0,4.0,12.0,0.0,5.0,1.0,1.0,0.0,7.0,34.0,1.75,70.0,Black,Japan - JP,2 - Year International Limited Warranty,Black,Leather,Stainless Steel,Buckle,Black,Quartz,30m - 100ft - 3atm,10000.0,28.0,Ladies,100.0,Carlie mini
ES4701,796483469747,B,28MM,Available,47.0,0,47.0,0.0,54,9.0,5.222222222222222,50.0,35.0,0.0,2019H4,0.0,0.0,0.0,0.0,3.0,2.0,40.0,1.0,13.0,3.0,0.0,0.0,17.0,47.0,4.25,70.0,Blue,Japan - JP,2 - Year International Limited Warranty,Brown,Leather,Stainless Steel,Buckle,Blue,Quartz,30m - 100ft - 3atm,10000.0,28.0,Ladies,100.0,Carlie mini
ES4735,796483469754,B,28MM,Available,45.0,30,75.0,0.0,53,8.833333333333334,8.490566037735848,65.0,45.5,0.0,2019H4,0.0,0.0,0.0,0.0,31.0,71.0,102.0,0.0,0.0,17.0,2.0,6.0,19.0,45.0,4.75,91.0,White,Japan - JP,2 - Year International Limited Warranty,Gold,Stainless Steel,Stainless Steel,Fold-Over,White,Quartz,30m - 100ft - 3atm,10000.0,28.0,Ladies,130.0,Carlie mini
ES4744,796483479111,B,36MM,Available,34.0,10,44.0,0.0,56,9.333333333333334,4.714285714285714,70.0,49.0,0.0,2019H4,0.0,0.0,0.0,0.0,32.0,85.0,76.0,18.0,4.0,7.0,4.0,1.0,33.0,34.0,8.25,98.0,Silver,Japan - JP,2 - Year International Limited Warranty,Silver,Stainless Steel,Stainless Steel,Fold-Over,Silver,Quartz,100m - 330ft - 10atm,10000.0,36.0,Ladies,140.0,Fb - 01
ES4745,796483478596,B,36MM,Available,51.0,0,51.0,0.0,73,12.166666666666666,4.191780821917808,70.0,49.0,0.0,2019H4,0.0,0.0,0.0,0.0,0.0,64.0,105.0,12.0,7.0,7.0,4.0,4.0,30.0,51.0,7.5,98.0,Black,Japan - JP,2 - Year International Limited Warranty,Multicolor,Stainless Steel,Stainless Steel,Fold-Over,Black,Quartz,100m - 330ft - 10atm,10000.0,36.0,Ladies,140.0,Fb - 01
ES4746,796483478602,C,36MM,Available,43.0,0,43.0,0.0,62,10.333333333333334,4.161290322580645,70.0,49.0,0.0,2019H4,0.0,0.0,0.0,0.0,43.0,62.0,86.0,13.0,7.0,7.0,3.0,1.0,30.0,43.0,7.5,98.0,Green,Japan - JP,2 - Year International Limited Warranty,Gold,Stainless Steel,Stainless Steel,Fold-Over,Green,Quartz,100m - 330ft - 10atm,10000.0,36.0,Ladies,140.0,Fb - 01
ES4748,796483478589,B,36MM,Available,32.0,0,32.0,0.0,53,8.833333333333334,3.622641509433962,70.0,49.0,0.0,2019H4,0.0,0.0,0.0,0.0,34.0,65.0,75.0,15.0,5.0,5.0,4.0,4.0,29.0,32.0,7.25,98.0,Rose gold,Japan - JP,2 - Year International Limited Warranty,Rose Gold,Stainless Steel,Stainless Steel,Fold-Over,Rose Gold,Quartz,100m - 330ft - 10atm,10000.0,36.0,Ladies,140.0,Fb - 01
ES4823,796483489721,C,34MM,Available,19.0,0,19.0,0.0,5,0.8333333333333334,22.8,60.0,42.0,0.0,2020H1,0.0,0.0,0.0,0.0,0.0,4.0,5.0,1.0,1.0,0.0,0.0,0.0,2.0,19.0,0.5,84.0,White,Japan - JP,2 - Year International Limited Warranty,Nude,Leather,Stainless Steel,Buckle,White,Quartz,50m - 160ft - 5atm,10000.0,34.0,Ladies,120.0,Copeland
ES4825,796483489745,B,34MM,Available,12.0,0,12.0,0.0,7,1.1666666666666667,10.285714285714285,60.0,42.0,0.0,2020H1,0.0,0.0,0.0,0.0,0.0,7.0,10.0,0.0,0.0,1.0,0.0,0.0,1.0,12.0,0.25,84.0,Blue,Japan - JP,2 - Year International Limited Warranty,Brown,Leather,Stainless Steel,Buckle,Blue,Quartz,50m - 160ft - 5atm,10000.0,34.0,Ladies,120.0,Copeland
ES4897,796483498433,A,32MM,Delivery within 6 weeks,34.0,30,64.0,0.0,42,7.0,9.142857142857142,70.0,49.0,0.0,2020H2,0.0,0.0,0.0,0.0,0.0,36.0,80.0,0.0,0.0,1.0,3.0,2.0,4.0,34.0,1.0,98.0,Silver,Japan - JP,2 - Year International Limited Warranty,Silver,Stainless Steel,Stainless Steel,Deployment,Silver,Quartz,50m - 160ft - 5atm,10000.0,32.0,Ladies,140.0,Scarlette mini
ES4898,796483498440,A,32MM,Available,22.0,0,22.0,0.0,23,3.8333333333333335,5.739130434782608,70.0,49.0,0.0,2020H2,0.0,0.0,0.0,0.0,0.0,32.0,62.0,0.0,1.0,0.0,4.0,4.0,5.0,22.0,1.25,98.0,Rose gold,Japan - JP,2 - Year International Limited Warranty,Rose Gold,Stainless Steel,Stainless Steel,Deployment,Rose Gold,Quartz,50m - 160ft - 5atm,10000.0,32.0,Ladies,140.0,Scarlette mini
ES4899,796483498457,A,32MM,Available,40.0,20,60.0,0.0,39,6.5,9.23076923076923,70.0,49.0,0.0,2020H2,0.0,0.0,0.0,0.0,0.0,22.0,86.0,1.0,0.0,2.0,6.0,2.0,9.0,40.0,2.25,98.0,Silver,Japan - JP,2 - Year International Limited Warranty,Multicolor,Stainless Steel,Stainless Steel,Deployment,Blue,Quartz,50m - 160ft - 5atm,10000.0,32.0,Ladies,140.0,Scarlette mini
ES4949,796483520684,C,32MM,Available,11.0,0,11.0,10.0,40,6.666666666666667,3.15,70.0,49.0,490.0,2020H3,0.0,0.0,0.0,0.0,0.0,0.0,100.0,0.0,0.0,6.0,11.0,2.0,17.0,11.0,4.25,98.0,Gold,Japan - JP,2 - Year International Limited Warranty,Multicolor,Stainless Steel,Stainless Steel,Fold-Over,Gold,Quartz,50m - 160ft - 5atm,10000.0,32.0,Ladies,140.0,Scarlette mini
ES5068,796483528802,B,28MM,Available,23.0,0,23.0,0.0,11,1.8333333333333333,12.545454545454547,50.0,35.0,0.0,2021H1,0.0,0.0,0.0,0.0,0.0,0.0,12.0,2.0,0.0,1.0,0.0,0.0,3.0,23.0,0.75,70.0,Gray,Japan - JP,2 - Year International Limited Warranty,Grey,Leather,Stainless Steel,No clasp type reported,Grey,Quartz,50m - 160ft - 5atm,10000.0,28.0,Ladies,100.0,Carlie mini
ES5089,796483534889,C,36MM,Available,24.0,0,24.0,0.0,23,3.8333333333333335,6.260869565217391,70.0,49.0,0.0,No status reported,0.0,0.0,0.0,0.0,0.0,0.0,18.0,6.0,3.0,2.0,3.0,0.0,14.0,24.0,3.5,98.0,Silver,Japan - JP,2 - Year International Limited Warranty,Silver,Mesh,Stainless Steel,Buckle,Pink,Quartz,30m - 100ft - 3atm,100.0,36.0,Ladies,140.0,Jacqueline
ES5090,796483534896,C,36MM,Available,41.0,0,41.0,0.0,8,1.3333333333333333,30.75,75.0,52.5,0.0,No status reported,0.0,0.0,0.0,0.0,0.0,0.0,9.0,0.0,0.0,0.0,0.0,0.0,0.0,41.0,0.0,105.0,Silver,Japan - JP,2 - Year International Limited Warranty,Brown,Leather,Stainless Steel,Buckle,Multicolor,Mechanical,30m - 100ft - 3atm,100.0,36.0,Ladies,150.0,Jacqueline
ES5091,796483534902,C,36MM,Available,17.0,0,17.0,0.0,28,4.666666666666667,3.642857142857143,75.0,52.5,0.0,No status reported,0.0,0.0,0.0,0.0,0.0,0.0,28.0,2.0,0.0,1.0,0.0,0.0,3.0,17.0,0.75,105.0,Rose gold,Japan - JP,2 - Year International Limited Warranty,Grey,Leather,Stainless Steel,Buckle,Multicolor,Mechanical,30m - 100ft - 3atm,100.0,36.0,Ladies,150.0,Jacqueline
ES5092,796483534926,C,36MM,Available,22.0,0,22.0,0.0,15,2.5,8.8,75.0,52.5,0.0,No status reported,0.0,0.0,0.0,0.0,0.0,0.0,18.0,0.0,0.0,0.0,0.0,0.0,0.0,22.0,0.0,105.0,Rose gold,Japan - JP,2 - Year International Limited Warranty,Pink,Leather,Stainless Steel,Buckle,Multicolor,Mechanical,30m - 100ft - 3atm,100.0,36.0,Ladies,150.0,Jacqueline
ES5093,796483534919,C,36MM,Available,43.0,0,43.0,0.0,14,2.3333333333333335,18.428571428571427,75.0,52.5,0.0,No status reported,0.0,0.0,0.0,0.0,0.0,0.0,13.0,0.0,0.0,1.0,1.0,0.0,2.0,43.0,0.5,105.0,Gold,Japan - JP,2 - Year International Limited Warranty,Black,Leather,Stainless Steel,Buckle,Multicolor,Mechanical,30m - 100ft - 3atm,100.0,36.0,Ladies,150.0,Jacqueline
ES5095,796483534841,C,38MM,Available,11.0,0,11.0,0.0,3,0.5,22.0,75.0,52.5,0.0,No status reported,0.0,0.0,0.0,0.0,0.0,0.0,2.0,1.0,0.0,1.0,0.0,0.0,2.0,11.0,0.5,105.0,Silver,Japan - JP,2 - Year International Limited Warranty,Brown,Leather,Stainless Steel,Buckle,Silver,Quartz,50m - 160ft - 5atm,100.0,38.0,Ladies,150.0,Jacqueline multifunction
ES5096,796483534858,C,38MM,Available,10.0,0,10.0,0.0,9,1.5,6.666666666666667,75.0,52.5,0.0,No status reported,0.0,0.0,0.0,0.0,0.0,0.0,3.0,1.0,3.0,1.0,2.0,0.0,7.0,10.0,1.75,105.0,Rose gold,Japan - JP,2 - Year International Limited Warranty,Blue,Leather,Stainless Steel,Buckle,Silver,Quartz,50m - 160ft - 5atm,100.0,38.0,Ladies,150.0,Jacqueline multifunction
ES5097,796483534865,C,38MM,Available,7.0,0,7.0,0.0,13,2.1666666666666665,3.230769230769231,75.0,52.5,0.0,No status reported,0.0,0.0,0.0,0.0,0.0,0.0,10.0,0.0,0.0,3.0,0.0,0.0,3.0,7.0,0.75,105.0,Rose gold,Japan - JP,2 - Year International Limited Warranty,Grey,Leather,Stainless Steel,Buckle,Grey,Quartz,50m - 160ft - 5atm,100.0,38.0,Ladies,150.0,Jacqueline multifunction
ES5098,796483534957,A,38MM,Available,32.0,0,32.0,0.0,43,7.166666666666667,4.465116279069767,85.0,59.49999999999999,0.0,No status reported,0.0,0.0,0.0,0.0,0.0,0.0,34.0,8.0,8.0,3.0,4.0,1.0,23.0,32.0,5.75,118.99999999999999,Rose gold,Japan - JP,2 - Year International Limited Warranty,Rose Gold,Mesh,Stainless Steel,Tang,Rose Gold,Quartz,50m - 160ft - 5atm,100.0,38.0,Ladies,170.0,Jacqueline multifunction
ES5099,796483534940,C,38MM,Available,36.0,0,36.0,0.0,58,9.666666666666666,3.724137931034483,85.0,59.49999999999999,0.0,No status reported,0.0,0.0,0.0,0.0,0.0,0.0,39.0,13.0,8.0,9.0,4.0,1.0,34.0,36.0,8.5,118.99999999999999,Silver,Japan - JP,2 - Year International Limited Warranty,Silver,Mesh,Stainless Steel,Tang,Silver,Quartz,50m - 160ft - 5atm,100.0,38.0,Ladies,170.0,Jacqueline multifunction
ES5106,796483548237,C,37MM,Available,24.0,0,24.0,30.0,86,14.333333333333334,3.7674418604651163,85.0,59.49999999999999,1784.9999999999998,2021H3,0.0,0.0,0.0,0.0,0.0,0.0,32.0,17.0,10.0,8.0,18.0,3.0,53.0,24.0,13.25,118.99999999999999,Rose gold,Japan - JP,2 - Year International Limited Warranty,Rose Gold,Stainless Steel,Stainless Steel,Fold-Over,Rose Gold,Quartz,50m - 160ft - 5atm,100.0,37.0,Ladies,170.0,Stella sport
ES5107,796483547308,C,37MM,Available,24.0,0,24.0,30.0,76,12.666666666666666,4.2631578947368425,85.0,59.49999999999999,1784.9999999999998,2021H3,0.0,0.0,0.0,0.0,0.0,0.0,31.0,11.0,4.0,16.0,21.0,0.0,52.0,24.0,13.0,118.99999999999999,Multicolor,Japan - JP,2 - Year International Limited Warranty,Multicolor,Stainless Steel,Stainless Steel,Fold-Over,Silver,Quartz,50m - 160ft - 5atm,100.0,37.0,Ladies,170.0,Stella sport
ES5108,796483548213,C,37MM,Available,29.0,0,29.0,20.0,86,14.333333333333334,3.4186046511627906,85.0,59.49999999999999,1189.9999999999998,2021H3,0.0,0.0,0.0,0.0,0.0,0.0,39.0,11.0,12.0,10.0,17.0,0.0,50.0,29.0,12.5,118.99999999999999,Silver,Japan - JP,2 - Year International Limited Warranty,Silver,Stainless Steel,Stainless Steel,Fold-Over,Silver,Quartz,50m - 160ft - 5atm,100.0,37.0,Ladies,170.0,Stella sport
ES5109,796483548220,C,37MM,Available,24.0,0,24.0,15.0,72,12.0,3.25,85.0,59.49999999999999,892.4999999999999,2021H3,0.0,0.0,0.0,0.0,0.0,0.0,34.0,9.0,8.0,9.0,14.0,0.0,40.0,24.0,10.0,118.99999999999999,Rose gold,Japan - JP,2 - Year International Limited Warranty,Rose Gold,Stainless Steel,Stainless Steel,Fold-Over,Brown,Quartz,50m - 160ft - 5atm,100.0,37.0,Ladies,170.0,Stella sport
ES5130,796483557482,C,37MM,Available,46.0,0,46.0,0.0,49,8.166666666666666,5.63265306122449,85.0,59.49999999999999,0.0,2021H4,0.0,0.0,0.0,0.0,0.0,0.0,5.0,16.0,8.0,16.0,4.0,0.0,44.0,46.0,11.0,118.99999999999999,Silver,Japan - JP,2 - Year International Limited Warranty,Silver,Stainless Steel,Stainless Steel,Fold-Over,Mother Of Pearl,Quartz,50m - 160ft - 5atm,100.0,37.0,Ladies,170.0,Stella
ES5131,796483557499,C,37MM,Available,30.0,0,30.0,0.0,30,5.0,6.0,85.0,59.49999999999999,0.0,2021H4,0.0,0.0,0.0,0.0,0.0,0.0,5.0,10.0,6.0,5.0,4.0,0.0,25.0,30.0,6.25,118.99999999999999,Rose gold,Japan - JP,2 - Year International Limited Warranty,Rose Gold,Stainless Steel,Stainless Steel,Fold-Over,Mother Of Pearl,Quartz,50m - 160ft - 5atm,100.0,37.0,Ladies,170.0,Stella
ES5136,796483557536,C,30MM,Available,41.0,0,41.0,0.0,39,6.5,6.3076923076923075,75.0,52.5,0.0,2021H4,0.0,0.0,0.0,0.0,0.0,0.0,0.0,14.0,6.0,19.0,0.0,0.0,39.0,41.0,9.75,105.0,Rose gold,Japan - JP,2 - Year International Limited Warranty,Rose Gold,Stainless Steel,Stainless Steel,Fold-Over,Mother Of Pearl,Quartz,50m - 160ft - 5atm,100.0,30.0,Ladies,150.0,Stella
ES5137,796483557529,C,30MM,Available,48.0,0,48.0,0.0,32,5.333333333333333,9.0,75.0,52.5,0.0,2021H4,0.0,0.0,0.0,0.0,0.0,0.0,10.0,9.0,7.0,6.0,0.0,0.0,22.0,48.0,5.5,105.0,Silver,Japan - JP,2 - Year International Limited Warranty,Silver,Stainless Steel,Stainless Steel,Fold-Over,Mother Of Pearl,Quartz,50m - 160ft - 5atm,100.0,30.0,Ladies,150.0,Stella
ES5138,796483557512,C,30MM,Available,39.0,0,39.0,0.0,41,6.833333333333333,5.707317073170732,75.0,52.5,0.0,2021H4,0.0,0.0,0.0,0.0,0.0,0.0,4.0,20.0,6.0,7.0,3.0,1.0,36.0,39.0,9.0,105.0,Silver,Japan - JP,2 - Year International Limited Warranty,Gold,Stainless Steel,Stainless Steel,Fold-Over,Mother Of Pearl,Quartz,50m - 160ft - 5atm,100.0,30.0,Ladies,150.0,Stella
ES5150,796483557420,C,28MM,Available,19.0,0,19.0,0.0,21,3.5,5.428571428571429,75.0,52.5,0.0,2021H4,0.0,0.0,0.0,0.0,0.0,0.0,7.0,3.0,0.0,11.0,0.0,0.0,14.0,19.0,3.5,105.0,Silver,Japan - JP,2 - Year International Limited Warranty,Silver,Stainless Steel,Stainless Steel,Fold-Over,Rose Gold,Quartz,50m - 160ft - 5atm,100.0,28.0,Ladies,150.0,Scarlette micro
ES5151,796483561359,2022H1,37MM,Available,19.0,0,19.0,0.0,11,1.8333333333333333,10.363636363636363,75.0,52.5,0.0,2022H1,0.0,0.0,0.0,0.0,0.0,0.0,0.0,0.0,0.0,1.0,3.0,7.0,4.0,19.0,1.0,105.0,White,Japan - JP,2 - Year International Limited Warranty,White,Plastic,Resin,Fold-Over,White,Quartz,50m - 160ft - 5atm,100.0,37.0,Ladies,150.0,Stella
ES5153,796483561373,2022H1,37MM,Available,9.0,0,9.0,0.0,11,1.8333333333333333,4.909090909090909,75.0,52.5,0.0,2022H1,0.0,0.0,0.0,0.0,0.0,0.0,0.0,0.0,0.0,2.0,2.0,7.0,4.0,9.0,1.0,105.0,Pink,Japan - JP,2 - Year International Limited Warranty,Pink,Plastic,Resin,Fold-Over,Pink,Quartz,50m - 160ft - 5atm,100.0,37.0,Ladies,150.0,Stella
ES5156,796483568075,2022H1,35MM,Available,24.0,0,24.0,0.0,16,2.6666666666666665,9.0,75.0,52.5,0.0,2022H1,0.0,0.0,0.0,0.0,0.0,0.0,0.0,0.0,0.0,6.0,5.0,5.0,11.0,24.0,2.75,105.0,Two-tone,Japan - JP,2 - Year International Limited Warranty,Two-Tone,Stainless Steel,Stainless Steel,Fold-Over,Silver,Quartz,50m - 160ft - 5atm,100.0,35.0,Ladies,150.0,Carlie
ES5157,796483561151,2022H1,35MM,Available,13.0,0,13.0,0.0,7,1.1666666666666667,11.142857142857142,75.0,52.5,0.0,2022H1,0.0,0.0,0.0,0.0,0.0,0.0,0.0,0.0,0.0,4.0,3.0,0.0,7.0,13.0,1.75,105.0,Silver,Japan - JP,2 - Year International Limited Warranty,Silver,Stainless Steel,Stainless Steel,Fold-Over,Green,Quartz,50m - 160ft - 5atm,100.0,35.0,Ladies,150.0,Carlie
ES5158,796483561168,2022H1,35MM,Available,11.0,0,11.0,5.0,19,3.1666666666666665,5.052631578947369,75.0,52.5,262.5,2022H1,0.0,0.0,0.0,0.0,0.0,0.0,0.0,0.0,0.0,6.0,7.0,6.0,13.0,11.0,3.25,105.0,Rose gold,Japan - JP,2 - Year International Limited Warranty,Rose Gold,Stainless Steel,Stainless Steel,Fold-Over,Silver,Quartz,50m - 160ft - 5atm,100.0,35.0,Ladies,150.0,Carlie
ES5159,796483561144,2022H1,35MM,Delivery more than 6 weeks,11.0,10,21.0,0.0,29,4.833333333333333,4.344827586206897,75.0,52.5,0.0,2022H1,0.0,0.0,0.0,0.0,0.0,0.0,0.0,0.0,0.0,13.0,9.0,7.0,22.0,11.0,5.5,105.0,Gold,Japan - JP,2 - Year International Limited Warranty,Gold,Stainless Steel,Stainless Steel,Fold-Over,Silver,Quartz,50m - 160ft - 5atm,100.0,35.0,Ladies,150.0,Carlie
ES5164,796483568150,2022H1,36MM,Available,19.0,0,19.0,0.0,11,1.8333333333333333,10.363636363636363,80.0,56.0,0.0,2022H1,0.0,0.0,0.0,0.0,0.0,0.0,0.0,0.0,0.0,4.0,5.0,2.0,9.0,19.0,2.25,112.0,Silver,Japan - JP,2 - Year International Limited Warranty,Silver,Stainless Steel,Stainless Steel,Fold-Over,White,Quartz,30m - 100ft - 3atm,100.0,36.0,Ladies,160.0,Jacqueline
ES5165,796483568167,2022H1,36MM,Available,23.0,0,23.0,0.0,7,1.1666666666666667,19.71428571428571,80.0,56.0,0.0,2022H1,0.0,0.0,0.0,0.0,0.0,0.0,0.0,0.0,0.0,0.0,2.0,5.0,2.0,23.0,0.5,112.0,Rose gold,Japan - JP,2 - Year International Limited Warranty,Rose Gold,Stainless Steel,Stainless Steel,Fold-Over,Rose Gold,Quartz,30m - 100ft - 3atm,100.0,36.0,Ladies,160.0,Jacqueline
ES5166,796483568174,2022H1,36MM,Delivery more than 6 weeks,20.0,0,20.0,0.0,15,2.5,8.0,80.0,56.0,0.0,2022H1,0.0,0.0,0.0,0.0,0.0,0.0,0.0,0.0,0.0,6.0,7.0,2.0,13.0,20.0,3.25,112.0,Two-tone,Japan - JP,2 - Year International Limited Warranty,Two-Tone,Stainless Steel,Stainless Steel,Fold-Over,White,Quartz,30m - 100ft - 3atm,100.0,36.0,Ladies,160.0,Jacqueline
ES5167,796483568181,2022H1,36MM,Available,20.0,0,20.0,0.0,10,1.6666666666666667,12.0,80.0,56.0,0.0,2022H1,0.0,0.0,0.0,0.0,0.0,0.0,0.0,0.0,0.0,1.0,3.0,6.0,4.0,20.0,1.0,112.0,Gold,Japan - JP,2 - Year International Limited Warranty,Gold,Stainless Steel,Stainless Steel,Fold-Over,White,Quartz,30m - 100ft - 3atm,100.0,36.0,Ladies,160.0,Jacqueline
ES5168,796483568198,2022H1,36MM,Available,20.0,0,20.0,0.0,0,0.0,0.0,70.0,49.0,0.0,2022H1,0.0,0.0,0.0,0.0,0.0,0.0,0.0,0.0,0.0,0.0,0.0,0.0,0.0,20.0,0.0,98.0,Gold,Japan - JP,2 - Year International Limited Warranty,Green,Leather,Stainless Steel,Buckle,White,Quartz,30m - 100ft - 3atm,100.0,36.0,Ladies,140.0,Jacqueline
ES5173,796483561403,2022H1,32MM,Available,19.0,0,19.0,0.0,11,1.8333333333333333,10.363636363636363,75.0,52.5,0.0,2022H1,0.0,0.0,0.0,0.0,0.0,0.0,0.0,0.0,0.0,3.0,2.0,6.0,5.0,19.0,1.25,105.0,Silver,Japan - JP,2 - Year International Limited Warranty,Two-Tone,Stainless Steel,Stainless Steel,Fold-Over,Pink,Quartz,50m - 160ft - 5atm,100.0,32.0,Ladies,150.0,Scarlette
ES5176SET,796483561199,2022H1,30MM,Available,40.0,0,40.0,0.0,0,0.0,0.0,130.0,91.0,0.0,2022H1,0.0,0.0,0.0,0.0,0.0,0.0,0.0,0.0,0.0,0.0,0.0,0.0,0.0,40.0,0.0,182.0,Rose gold,Japan - JP,2 - Year International Limited Warranty,Two-Tone,Stainless Steel,Stainless Steel,Fold-Over,White,Quartz,30m - 100ft - 3atm,100.0,30.0,Ladies,260.0,The andy and addison set
ES5184,796483570382,2022H2,32MM,Available,30.0,20,50.0,0.0,0,0.0,0.0,60.0,42.0,0.0,2022H2,0.0,0.0,0.0,0.0,0.0,0.0,0.0,0.0,0.0,0.0,0.0,0.0,0.0,30.0,0.0,84.0,Silver,Japan - JP,2 - Year International Limited Warranty,Brown,Leather,Stainless Steel,Buckle,Silver,Quartz,50m - 160ft - 5atm,100.0,32.0,Ladies,120.0,Scarlette
ES5187,796483570344,2022H2,35MM,Available,0.0,20,20.0,0.0,0,0.0,0.0,60.0,42.0,0.0,No status reported,0.0,0.0,0.0,0.0,0.0,0.0,0.0,0.0,0.0,0.0,0.0,0.0,0.0,0.0,0.0,84.0,Multicolor,Japan - JP,2 - Year International Limited Warranty,White,Leather,Stainless Steel,Fold-Over,Multicolor,Quartz,50m - 160ft - 5atm,100.0,35.0,Ladies,120.0,Carlie
ES5188,796483570351,2022H2,35MM,Limited availability,0.0,15,15.0,0.0,0,0.0,0.0,60.0,42.0,0.0,No status reported,0.0,0.0,0.0,0.0,0.0,0.0,0.0,0.0,0.0,0.0,0.0,0.0,0.0,0.0,0.0,84.0,Multicolor,Japan - JP,2 - Year International Limited Warranty,Blue,Leather,Stainless Steel,Fold-Over,Multicolor,Quartz,50m - 160ft - 5atm,100.0,35.0,Ladies,120.0,Carlie
ES5189,796483570313,2022H2,28MM,Available,0.0,20,20.0,0.0,0,0.0,0.0,80.0,56.0,0.0,No status reported,0.0,0.0,0.0,0.0,0.0,0.0,0.0,0.0,0.0,0.0,0.0,0.0,0.0,0.0,0.0,112.0,Pink,Japan - JP,2 - Year International Limited Warranty,Silver,Stainless Steel,Stainless Steel,Deployment,Pink,Quartz,50m - 160ft - 5atm,100.0,28.0,Ladies,160.0,Carlie
ES5190,796483570320,2022H2,28MM,Available,0.0,30,30.0,0.0,0,0.0,0.0,80.0,56.0,0.0,No status reported,0.0,0.0,0.0,0.0,0.0,0.0,0.0,0.0,0.0,0.0,0.0,0.0,0.0,0.0,0.0,112.0,Blue,Japan - JP,2 - Year International Limited Warranty,Silver,Stainless Steel,Stainless Steel,Deployment,Blue,Quartz,50m - 160ft - 5atm,100.0,28.0,Ladies,160.0,Carlie
ES5191,796483570368,2022H2,37MM,Available,0.0,20,20.0,0.0,0,0.0,0.0,85.0,59.49999999999999,0.0,No status reported,0.0,0.0,0.0,0.0,0.0,0.0,0.0,0.0,0.0,0.0,0.0,0.0,0.0,0.0,0.0,118.99999999999999,Multicolor,Japan - JP,2 - Year International Limited Warranty,Silver,Stainless Steel,Stainless Steel,Fold-Over,Multicolor,Quartz,50m - 160ft - 5atm,100.0,37.0,Ladies,170.0,Stella
ES5192,796483570375,2022H2,37MM,Delivery more than 6 weeks,30.0,30,60.0,0.0,0,0.0,0.0,85.0,59.49999999999999,0.0,2022H2,0.0,0.0,0.0,0.0,0.0,0.0,0.0,0.0,0.0,0.0,0.0,0.0,0.0,30.0,0.0,118.99999999999999,Rose gold,Japan - JP,2 - Year International Limited Warranty,Rose Gold,Stainless Steel,Stainless Steel,Fold-Over,Multicolor,Quartz,50m - 160ft - 5atm,100.0,37.0,Ladies,170.0,Stella
ES5193,796483573154,2022H2,37MM,Available,0.0,10,10.0,0.0,0,0.0,0.0,75.0,52.5,0.0,No status reported,0.0,0.0,0.0,0.0,0.0,0.0,0.0,0.0,0.0,0.0,0.0,0.0,0.0,0.0,0.0,105.0,Blue,Japan - JP,2 - Year International Limited Warranty,Blue,Plastic,Resin,Fold-Over,Blue,Quartz,50m - 160ft - 5atm,100.0,37.0,Ladies,150.0,Stella
ES5197,796483573116,2022H2,32MM,Available,0.0,30,30.0,0.0,0,0.0,0.0,70.0,49.0,0.0,No status reported,0.0,0.0,0.0,0.0,0.0,0.0,0.0,0.0,0.0,0.0,0.0,0.0,0.0,0.0,0.0,98.0,Blue,Japan - JP,2 - Year International Limited Warranty,Silver,Stainless Steel,Stainless Steel,Fold-Over,Blue,Quartz,50m - 160ft - 5atm,100.0,32.0,Ladies,140.0,Scarlette
ES5198,796483573130,2022H2,32MM,Available,0.0,30,30.0,0.0,0,0.0,0.0,70.0,49.0,0.0,No status reported,0.0,0.0,0.0,0.0,0.0,0.0,0.0,0.0,0.0,0.0,0.0,0.0,0.0,0.0,0.0,98.0,Silver,Japan - JP,2 - Year International Limited Warranty,Two-Tone,Stainless Steel,Stainless Steel,Fold-Over,Silver,Quartz,50m - 160ft - 5atm,100.0,32.0,Ladies,140.0,Scarlette
ES5199,796483573147,2022H2,32MM,Delivery more than 6 weeks,0.0,40,40.0,0.0,0,0.0,0.0,70.0,49.0,0.0,No status reported,0.0,0.0,0.0,0.0,0.0,0.0,0.0,0.0,0.0,0.0,0.0,0.0,0.0,0.0,0.0,98.0,Silver,Japan - JP,2 - Year International Limited Warranty,Gold,Stainless Steel,Stainless Steel,Fold-Over,Silver,Quartz,50m - 160ft - 5atm,100.0,32.0,Ladies,140.0,Scarlette
ES5200,796483573123,2022H2,32MM,Available,0.0,30,30.0,0.0,0,0.0,0.0,70.0,49.0,0.0,No status reported,0.0,0.0,0.0,0.0,0.0,0.0,0.0,0.0,0.0,0.0,0.0,0.0,0.0,0.0,0.0,98.0,Silver,Japan - JP,2 - Year International Limited Warranty,Rose Gold,Stainless Steel,Stainless Steel,Fold-Over,Silver,Quartz,50m - 160ft - 5atm,100.0,32.0,Ladies,140.0,Scarlette
ES5201,796483573185,2022H2,28MM,Available,0.0,30,30.0,0.0,0,0.0,0.0,70.0,49.0,0.0,No status reported,0.0,0.0,0.0,0.0,0.0,0.0,0.0,0.0,0.0,0.0,0.0,0.0,0.0,0.0,0.0,98.0,Silver,Japan - JP,2 - Year International Limited Warranty,Two-Tone,Stainless Steel,Stainless Steel,Deployment,Silver,Quartz,50m - 160ft - 5atm,100.0,28.0,Ladies,140.0,Carlie
ES5202,796483573178,2022H2,28MM,Delivery within 6 weeks,0.0,30,30.0,0.0,0,0.0,0.0,70.0,49.0,0.0,No status reported,0.0,0.0,0.0,0.0,0.0,0.0,0.0,0.0,0.0,0.0,0.0,0.0,0.0,0.0,0.0,98.0,Silver,Japan - JP,2 - Year International Limited Warranty,Rose Gold,Stainless Steel,Stainless Steel,Deployment,Silver,Quartz,50m - 160ft - 5atm,100.0,28.0,Ladies,140.0,Carlie
ES5203,796483573161,2022H2,28MM,Available,0.0,40,40.0,0.0,0,0.0,0.0,70.0,49.0,0.0,No status reported,0.0,0.0,0.0,0.0,0.0,0.0,0.0,0.0,0.0,0.0,0.0,0.0,0.0,0.0,0.0,98.0,Silver,Japan - JP,2 - Year International Limited Warranty,Gold,Stainless Steel,Stainless Steel,Deployment,Silver,Quartz,50m - 160ft - 5atm,100.0,28.0,Ladies,140.0,Carlie
ES5204,796483569003,2022H1,40MM,Available,8.0,0,8.0,0.0,2,0.3333333333333333,24.0,70.0,49.0,0.0,2022H1,0.0,0.0,0.0,0.0,0.0,0.0,0.0,0.0,0.0,1.0,1.0,0.0,2.0,8.0,0.5,98.0,Black,Japan - JP,2 - Year International Limited Warranty,Multicolor,Plastic,Stainless Steel,Buckle,Black,Quartz,50m - 160ft - 5atm,100.0,40.0,Ladies,140.0,The minimalist
ES5205,796483573192,2022H2,28MM,Available,0.0,20,20.0,0.0,0,0.0,0.0,65.0,45.5,0.0,No status reported,0.0,0.0,0.0,0.0,0.0,0.0,0.0,0.0,0.0,0.0,0.0,0.0,0.0,0.0,0.0,91.0,Blue,Japan - JP,2 - Year International Limited Warranty,Brown,Leather,Stainless Steel,Buckle,Blue,Quartz,50m - 160ft - 5atm,100.0,28.0,Ladies,130.0,Carlie
FS4487IE,796483423152,B,45MM,Available,42.0,0,42.0,0.0,48,8.0,5.25,80.0,56.0,0.0,2019H4,0.0,0.0,0.0,0.0,0.0,43.0,36.0,8.0,4.0,9.0,4.0,3.0,25.0,42.0,6.25,112.0,Black,Japan - JP,2 - Year International Limited Warranty,Black,Silicone,Stainless Steel,Buckle,Black,Quartz,50m - 160ft - 5atm,10000.0,45.0,Mens,160.0,Machine
FS4552,691464571498,B,45MM,Delivery within 6 weeks,20.0,30,50.0,0.0,0,0.0,0.0,90.0,62.99999999999999,0.0,No status reported,71.0,144.0,137.0,303.0,164.0,65.0,0.0,0.0,0.0,0.0,0.0,0.0,0.0,20.0,0.0,125.99999999999999,Black,Japan - JP,2 - Year International Limited Warranty,Black,Stainless Steel,Stainless Steel,No clasp type reported,Black,Quartz,50m - 160ft - 5atm,10000.0,45.0,Mens,180.0,Machine
FS4656,691464760861,B,42MM,Delivery within 6 weeks,0.0,0,0.0,60.0,90,15.0,4.0,80.0,56.0,3360.0,No status reported,69.0,125.0,355.0,476.0,138.0,34.0,20.0,10.0,31.0,29.0,0.0,0.0,70.0,0.0,17.5,112.0,Brown,Japan - JP,2 - Year International Limited Warranty,Brown,Leather,Stainless Steel,No clasp type reported,Brown,Quartz,50m - 160ft - 5atm,10000.0,42.0,Mens,160.0,Machine
FS4682IE,796483423114,B,42MM,Available,39.0,20,59.0,0.0,52,8.666666666666666,6.807692307692308,90.0,62.99999999999999,0.0,2020H2,0.0,0.0,0.0,0.0,0.0,2.0,110.0,4.0,6.0,8.0,2.0,3.0,20.0,39.0,5.0,125.99999999999999,Black,Japan - JP,2 - Year International Limited Warranty,Black,Stainless Steel,Stainless Steel,No clasp type reported,Black,Quartz,50m - 160ft - 5atm,10000.0,42.0,Mens,180.0,Machine
FS4735,691464920807,B,44MM,Available,13.0,0,13.0,0.0,17,2.8333333333333335,4.588235294117647,70.0,49.0,0.0,No status reported,25.0,123.0,286.0,62.0,0.0,0.0,0.0,0.0,0.0,9.0,2.0,6.0,11.0,13.0,2.75,98.0,Silver,Japan - JP,2 - Year International Limited Warranty,Brown,Leather,Stainless Steel,Buckle,Cream,Quartz,50m - 160ft - 5atm,100.0,44.0,Mens,140.0,Grant
FS4736,691464920814,B,44MM,Available,0.0,0,0.0,30.0,40,6.666666666666667,4.5,80.0,56.0,1680.0,DISCD,71.0,118.0,51.0,0.0,0.0,0.0,5.0,12.0,8.0,12.0,1.0,2.0,33.0,0.0,8.25,112.0,Silver,Japan - JP,2 - Year International Limited Warranty,Silver,Stainless Steel,Stainless Steel,Deployment,Black,Quartz,50m - 160ft - 5atm,100.0,44.0,Mens,160.0,Grant
FS4774IE,796483492974,B,42MM,Available,29.0,0,29.0,0.0,43,7.166666666666667,4.046511627906977,75.0,52.5,0.0,No status reported,0.0,0.0,0.0,0.0,0.0,0.0,28.0,6.0,1.0,10.0,1.0,4.0,18.0,29.0,4.5,105.0,Smoke,Japan - JP,2 - Year International Limited Warranty,Grey,Stainless Steel,Stainless Steel,Fold-Over,Black,No movement type reported,50m - 160ft - 5atm,100.0,42.0,Mens,150.0,Machine
FS4775IE,796483492981,B,42MM,Available,45.0,0,45.0,0.0,65,10.833333333333334,4.153846153846153,75.0,52.5,0.0,2021H4,0.0,0.0,0.0,0.0,0.0,0.0,7.0,7.0,2.0,6.0,1.0,2.0,16.0,45.0,4.0,105.0,Black,Japan - JP,2 - Year International Limited Warranty,Black,Stainless Steel,Stainless Steel,Deployment,Black,Quartz,50m - 160ft - 5atm,100.0,42.0,Mens,150.0,Machine
FS4795IE,796483523609,A,45MM,Available,76.0,0,76.0,0.0,57,9.5,8.0,90.0,62.99999999999999,0.0,No status reported,0.0,0.0,0.0,0.0,0.0,0.0,96.0,0.0,0.0,14.0,7.0,3.0,21.0,76.0,5.25,125.99999999999999,Two-tone,Japan - JP,2 - Year International Limited Warranty,Two-Tone,Stainless Steel,Stainless Steel,613,Silver,Quartz,50m - 160ft - 5atm,10000.0,45.0,Mens,180.0,Dean
FS4812,796483008182,B,44MM,Available,19.0,0,19.0,0.0,21,3.5,5.428571428571429,70.0,49.0,0.0,DISCD,38.0,105.0,85.0,0.0,0.0,0.0,1.0,5.0,3.0,10.0,0.0,2.0,18.0,19.0,4.5,98.0,Silver,Japan - JP,2 - Year International Limited Warranty,Black,Leather,Stainless Steel,Buckle,Black,Quartz,50m - 160ft - 5atm,100.0,44.0,Mens,140.0,Grant
FS4813,796483007390,B,44MM,Available,0.0,0,0.0,30.0,0,0.0,0.0,70.0,49.0,1470.0,No status reported,25.0,98.0,135.0,120.0,0.0,0.0,0.0,0.0,0.0,0.0,0.0,0.0,0.0,0.0,0.0,98.0,Black,Japan - JP,2 - Year International Limited Warranty,Brown,Leather,Stainless Steel,Buckle,Black,Quartz,50m - 160ft - 5atm,100.0,44.0,Mens,140.0,Grant
FS4835,796483033290,B,44MM,Available,34.0,0,34.0,40.0,87,14.5,5.103448275862069,80.0,56.0,2240.0,No status reported,0.0,0.0,0.0,1.0,0.0,0.0,12.0,18.0,5.0,18.0,4.0,8.0,45.0,34.0,11.25,112.0,Blue,Japan - JP,2 - Year International Limited Warranty,Blue,Leather,Stainless Steel,Buckle,Blue,Quartz,50m - 160ft - 5atm,10000.0,44.0,Mens,160.0,Grant
FS4867IE,796483492998,B,45MM,Available,63.0,0,63.0,0.0,61,10.166666666666666,6.19672131147541,90.0,62.99999999999999,0.0,No status reported,0.0,0.0,0.0,0.0,0.0,0.0,58.0,0.0,0.0,19.0,4.0,12.0,23.0,63.0,5.75,125.99999999999999,Gold,Japan - JP,2 - Year International Limited Warranty,Gold,Stainless Steel,Stainless Steel,Fold-Over,Champagne,Quartz,50m - 160ft - 5atm,100.0,45.0,Mens,180.0,Dean
FS4931,796483100305,B,45MM,Available,35.0,0,35.0,0.0,56,9.333333333333334,3.7499999999999996,90.0,62.99999999999999,0.0,No status reported,70.0,94.0,109.0,225.0,218.0,92.0,94.0,9.0,0.0,19.0,3.0,2.0,31.0,35.0,7.75,125.99999999999999,Black,Japan - JP,2 - Year International Limited Warranty,Grey,Stainless Steel,Stainless Steel,No clasp type reported,Black,Quartz,50m - 160ft - 5atm,10000.0,45.0,Mens,180.0,Machine
FS5151,796483226401,B,44MM,Available,53.0,0,53.0,0.0,89,14.833333333333334,3.5730337078651684,80.0,56.0,0.0,No status reported,0.0,58.0,193.0,250.0,263.0,132.0,186.0,1.0,0.0,23.0,2.0,2.0,26.0,53.0,6.5,112.0,Blue,Japan - JP,2 - Year International Limited Warranty,Brown,Leather,Stainless Steel,No clasp type reported,Blue,Quartz,50m - 160ft - 5atm,10000.0,44.0,Mens,160.0,Grant
FS5210,796483268821,B,44MM,Delivery within 6 weeks,0.0,20,20.0,0.0,30,5.0,4.0,70.0,49.0,0.0,No status reported,0.0,20.0,67.0,53.0,0.0,0.0,11.0,8.0,3.0,8.0,0.0,0.0,19.0,0.0,4.75,98.0,Blue,Japan - JP,2 - Year International Limited Warranty,Brown,Leather,Stainless Steel,No clasp type reported,Blue,Quartz,50m - 160ft - 5atm,10000.0,44.0,Mens,140.0,Grant
FS5251SET,796483283916,B,42MM,Available,30.0,0,30.0,0.0,43,7.166666666666667,4.186046511627906,85.0,59.49999999999999,0.0,No status reported,0.0,121.0,173.0,147.0,214.0,101.0,96.0,0.0,0.0,24.0,9.0,7.0,33.0,30.0,8.25,118.99999999999999,Brown,Japan - JP,2 - Year International Limited Warranty,Brown,Leather,Stainless Steel,No clasp type reported,Brown,Quartz,50m - 160ft - 5atm,10000.0,42.0,Mens,170.0,Machine
FS5279,796483314504,B,44MM,Available,30.0,10,40.0,0.0,30,5.0,8.0,80.0,56.0,0.0,No status reported,0.0,0.0,46.0,71.0,31.0,24.0,30.0,4.0,14.0,1.0,0.0,0.0,19.0,30.0,4.75,112.0,Blue,Japan - JP,2 - Year International Limited Warranty,Brown,Leather,Stainless Steel,No clasp type reported,Blue,Quartz,50m - 160ft - 5atm,10000.0,44.0,Mens,160.0,Townsman
FS5304,796483327986,B,44MM,Available,10.0,10,20.0,0.0,35,5.833333333333333,3.428571428571429,65.0,45.5,0.0,No status reported,0.0,0.0,16.0,38.0,34.0,43.0,31.0,0.0,9.0,3.0,1.0,6.0,13.0,10.0,3.25,91.0,Black,Japan - JP,2 - Year International Limited Warranty,Brown,Leather,Stainless Steel,No clasp type reported,Black,Quartz,50m - 160ft - 5atm,10000.0,44.0,Mens,130.0,The minimalist 3h
FS5305,796483327979,B,44MM,Available,25.0,0,25.0,0.0,19,3.1666666666666665,7.894736842105264,65.0,45.5,0.0,No status reported,0.0,0.0,44.0,127.0,126.0,118.0,49.0,2.0,1.0,3.0,1.0,2.0,7.0,25.0,1.75,91.0,Black,Japan - JP,2 - Year International Limited Warranty,Brown,Leather,Stainless Steel,No clasp type reported,Black,Quartz,50m - 160ft - 5atm,10000.0,44.0,Mens,130.0,The minimalist 3h
FS5308,796483328006,B,44MM,Available,125.0,60,185.0,0.0,107,17.833333333333332,10.373831775700936,75.0,52.5,0.0,No status reported,0.0,0.0,42.0,189.0,49.0,79.0,135.0,1.0,15.0,1.0,2.0,2.0,19.0,125.0,4.75,105.0,Black,Japan - JP,2 - Year International Limited Warranty,Black,Stainless Steel,Stainless Steel,No clasp type reported,Black,Quartz,50m - 160ft - 5atm,10000.0,44.0,Mens,150.0,The minimalist 3h
FS5380,796483354913,B,44MM,Available,25.0,0,25.0,0.0,31,5.166666666666667,4.838709677419355,80.0,56.0,0.0,No status reported,0.0,0.0,33.0,110.0,31.0,66.0,32.0,5.0,10.0,0.0,0.0,0.0,15.0,25.0,3.75,112.0,White,Japan - JP,2 - Year International Limited Warranty,Brown,Leather,Stainless Steel,No clasp type reported,White,Quartz,50m - 160ft - 5atm,10000.0,44.0,Mens,160.0,Neutra chrono
FS5381,796483354920,B,44MM,Available,38.0,20,58.0,0.0,60,10.0,5.8,80.0,56.0,0.0,No status reported,0.0,0.0,52.0,260.0,121.0,92.0,59.0,18.0,1.0,9.0,4.0,2.0,32.0,38.0,8.0,112.0,Black,Japan - JP,2 - Year International Limited Warranty,Black,Leather,Stainless Steel,No clasp type reported,Black,Quartz,50m - 160ft - 5atm,10000.0,44.0,Mens,160.0,Neutra chrono
FS5384,796483354951,B,44MM,Available,32.0,0,32.0,0.0,35,5.833333333333333,5.485714285714286,90.0,62.99999999999999,0.0,No status reported,0.0,0.0,43.0,159.0,103.0,63.0,72.0,0.0,3.0,4.0,1.0,3.0,8.0,32.0,2.0,125.99999999999999,Black,Japan - JP,2 - Year International Limited Warranty,Silver,Stainless Steel,Stainless Steel,No clasp type reported,Black,Quartz,50m - 160ft - 5atm,10000.0,44.0,Mens,180.0,Neutra chrono
FS5437,796483381285,B,44MM,Available,74.0,0,74.0,0.0,29,4.833333333333333,15.310344827586208,80.0,56.0,0.0,No status reported,0.0,0.0,0.0,89.0,103.0,93.0,80.0,2.0,0.0,1.0,0.0,5.0,3.0,74.0,0.75,112.0,Brown,Japan - JP,2 - Year International Limited Warranty,Brown,Leather,Stainless Steel,No clasp type reported,Brown,Quartz,50m - 160ft - 5atm,10000.0,44.0,Mens,160.0,Townsman
FS5439,796483385337,B,44MM,Available,9.0,0,9.0,0.0,13,2.1666666666666665,4.153846153846154,65.0,45.5,0.0,No status reported,0.0,0.0,0.0,25.0,17.0,9.0,14.0,1.0,5.0,1.0,0.0,0.0,7.0,9.0,1.75,91.0,Cream,Japan - JP,2 - Year International Limited Warranty,Brown,Leather,Stainless Steel,No clasp type reported,Cream,Quartz,50m - 160ft - 5atm,10000.0,44.0,Mens,130.0,The minimalist
FS5447,796483381254,B,44MM,Available,28.0,15,43.0,0.0,22,3.6666666666666665,11.727272727272728,65.0,45.5,0.0,No status reported,0.0,0.0,0.0,33.0,31.0,24.0,29.0,0.0,1.0,1.0,1.0,5.0,3.0,28.0,0.75,91.0,Black,Japan - JP,2 - Year International Limited Warranty,Black,Leather,Stainless Steel,Buckle,Black,Quartz,50m - 160ft - 5atm,10000.0,44.0,Mens,130.0,The minimalist
FS5452,796483388260,B,44MM,Available,19.0,0,19.0,0.0,23,3.8333333333333335,4.956521739130435,80.0,56.0,0.0,No status reported,0.0,0.0,0.0,108.0,129.0,97.0,41.0,2.0,1.0,11.0,0.0,0.0,14.0,19.0,3.5,112.0,Black,Japan - JP,2 - Year International Limited Warranty,Black,Leather,Stainless Steel,No clasp type reported,Black,Quartz,50m - 160ft - 5atm,10000.0,44.0,Mens,160.0,Neutra chrono
FS5453,796483388277,B,44MM,Available,29.0,0,29.0,0.0,40,6.666666666666667,4.35,80.0,56.0,0.0,No status reported,0.0,0.0,0.0,101.0,94.0,96.0,46.0,6.0,2.0,13.0,0.0,4.0,21.0,29.0,5.25,112.0,Blue,Japan - JP,2 - Year International Limited Warranty,Brown,Leather,Stainless Steel,No clasp type reported,Blue,Quartz,50m - 160ft - 5atm,10000.0,44.0,Mens,160.0,Neutra chrono
FS5459,796483392786,B,44MM,Available,25.0,0,25.0,0.0,46,7.666666666666667,3.260869565217391,75.0,52.5,0.0,No status reported,0.0,0.0,0.0,72.0,66.0,33.0,146.0,10.0,4.0,11.0,0.0,3.0,25.0,25.0,6.25,105.0,Gray,Japan - JP,2 - Year International Limited Warranty,Grey,Stainless Steel,Stainless Steel,No clasp type reported,Grey,Quartz,50m - 160ft - 5atm,10000.0,44.0,Mens,150.0,Color undertones
FS5503,796483430259,B,44MM,Available,14.0,0,14.0,0.0,19,3.1666666666666665,4.421052631578948,80.0,56.0,0.0,2019H1,0.0,0.0,0.0,0.0,9.0,27.0,22.0,3.0,4.0,1.0,2.0,1.0,10.0,14.0,2.5,112.0,Black,Japan - JP,2 - Year International Limited Warranty,Black,Leather,Stainless Steel,Buckle,Black,Quartz,50m - 160ft - 5atm,10000.0,44.0,Mens,160.0,Neutra
FS5512,796483424562,B,44MM,Available,24.0,0,24.0,0.0,31,5.166666666666667,4.64516129032258,80.0,56.0,0.0,2019H1,0.0,0.0,0.0,0.0,30.0,71.0,37.0,0.0,5.0,1.0,0.0,0.0,6.0,24.0,1.5,112.0,Gray,Japan - JP,2 - Year International Limited Warranty,Brown,Leather,Stainless Steel,Buckle,Grey,Quartz,50m - 160ft - 5atm,10000.0,44.0,Mens,160.0,Neutra chrono
FS5522,796483430396,B,44MM,Available,24.0,0,24.0,0.0,30,5.0,4.8,80.0,56.0,0.0,2019H1,0.0,0.0,0.0,0.0,28.0,32.0,35.0,0.0,5.0,1.0,0.0,0.0,6.0,24.0,1.5,112.0,Gray,Japan - JP,2 - Year International Limited Warranty,Brown,Leather,Stainless Steel,Buckle,Grey,Quartz,50m - 160ft - 5atm,10000.0,44.0,Mens,160.0,Townsman
FS5525,796483430402,B,44MM,Available,18.0,0,18.0,5.0,31,5.166666666666667,4.451612903225806,90.0,62.99999999999999,314.99999999999994,2019H1,0.0,0.0,0.0,0.0,45.0,22.0,31.0,0.0,10.0,1.0,4.0,3.0,15.0,18.0,3.75,125.99999999999999,Black,Japan - JP,2 - Year International Limited Warranty,Black,Stainless Steel,Stainless Steel,Fold-Over,Black,Quartz,50m - 160ft - 5atm,10000.0,44.0,Mens,180.0,Neutra chrono
FS5551,796483441477,B,44MM,Available,17.0,0,17.0,0.0,24,4.0,4.25,65.0,45.5,0.0,2019H2,0.0,0.0,0.0,0.0,24.0,13.0,27.0,7.0,2.0,3.0,1.0,2.0,13.0,17.0,3.25,91.0,Black,Japan - JP,2 - Year International Limited Warranty,Brown,Leather,Stainless Steel,Buckle,Black,Quartz,50m - 160ft - 5atm,10000.0,44.0,Mens,130.0,The minimalist
FS5562SET,796483464155,C,42MM,Delivery within 6 weeks,0.0,50,50.0,0.0,33,5.5,9.090909090909092,120.0,84.0,0.0,No status reported,0.0,0.0,0.0,0.0,0.0,0.0,39.0,6.0,3.0,2.0,0.0,0.0,11.0,0.0,2.75,168.0,White,Japan - JP,2 - Year International Limited Warranty,Silver,Stainless Steel,Stainless Steel,Fold-Over,White,Quartz,30m - 100ft - 3atm,100.0,42.0,Mens,240.0,The andy and addison set
FS5623,796483468948,C,44MM,Available,59.0,40,99.0,0.0,61,10.166666666666666,9.737704918032787,70.0,49.0,0.0,2019H4,0.0,0.0,0.0,0.0,57.0,105.0,81.0,0.0,6.0,8.0,5.0,8.0,19.0,59.0,4.75,98.0,Blue,Japan - JP,2 - Year International Limited Warranty,Silver,Stainless Steel,Stainless Steel,Fold-Over,Blue,Quartz,100m - 330ft - 10atm,10000.0,44.0,Mens,140.0,Garrett
FS5661,796483473065,B,42MM,Available,19.0,0,19.0,0.0,1,0.16666666666666666,114.0,60.0,42.0,0.0,2021H2,0.0,0.0,0.0,0.0,0.0,0.0,0.0,0.0,0.0,1.0,0.0,0.0,1.0,19.0,0.25,84.0,Silver,Japan - JP,2 - Year International Limited Warranty,Brown,Leather,Stainless Steel,Buckle,Blue,Quartz,50m - 160ft - 5atm,100.0,42.0,Mens,120.0,Copeland
FS5663,796483473058,B,42MM,Available,14.0,0,14.0,0.0,11,1.8333333333333333,7.636363636363637,60.0,42.0,0.0,2019H4,0.0,0.0,0.0,0.0,0.0,0.0,10.0,0.0,3.0,1.0,0.0,2.0,4.0,14.0,1.0,84.0,Cream,Japan - JP,2 - Year International Limited Warranty,Brown,Leather,Stainless Steel,Buckle,Cream,Quartz,50m - 160ft - 5atm,10000.0,42.0,Mens,120.0,Copeland
FS5666,796483470958,B,42MM,Available,18.0,0,18.0,0.0,14,2.3333333333333335,7.7142857142857135,60.0,42.0,0.0,2019H4,0.0,0.0,0.0,0.0,0.0,0.0,5.0,5.0,0.0,2.0,0.0,2.0,7.0,18.0,1.75,84.0,Black,Japan - JP,2 - Year International Limited Warranty,Brown,Leather,Stainless Steel,Buckle,Black,Quartz,50m - 160ft - 5atm,10000.0,42.0,Mens,120.0,Copeland
FS5699,796483490635,C,44MM,Available,7.0,10,17.0,0.0,22,3.6666666666666665,4.636363636363637,90.0,62.99999999999999,0.0,2020H1,0.0,0.0,0.0,0.0,0.0,10.0,31.0,3.0,1.0,2.0,3.0,1.0,9.0,7.0,2.25,125.99999999999999,Silver,Japan - JP,2 - Year International Limited Warranty,Silver,Stainless Steel,Stainless Steel,Deployment,Silver,Quartz,50m - 160ft - 5atm,10000.0,44.0,Mens,180.0,Neutra chrono
FS5707,796483521773,C,44MM,Available,25.0,0,25.0,0.0,30,5.0,5.0,90.0,62.99999999999999,0.0,2021H1,0.0,0.0,0.0,0.0,0.0,0.0,5.0,1.0,10.0,14.0,0.0,0.0,25.0,25.0,6.25,125.99999999999999,Black,Japan - JP,2 - Year International Limited Warranty,Black,Stainless Steel,Stainless Steel,Fold-Over,Black,Quartz,50m - 160ft - 5atm,100.0,44.0,Mens,180.0,Neutra chrono
FS5708SET,796483497597,B,44MM,Available,24.0,0,24.0,10.0,54,9.0,3.7777777777777777,85.0,59.49999999999999,594.9999999999999,2020H2,0.0,0.0,0.0,0.0,0.0,20.0,39.0,6.0,0.0,7.0,5.0,4.0,18.0,24.0,4.5,118.99999999999999,Blue,Japan - JP,2 - Year International Limited Warranty,Brown,Leather,Stainless Steel,Buckle,Blue,Quartz,50m - 160ft - 5atm,10000.0,44.0,Mens,170.0,Neutra chrono
FS5711,796483498587,C,50MM,Available,42.0,0,42.0,0.0,51,8.5,4.9411764705882355,100.0,70.0,0.0,2020H2,0.0,0.0,0.0,0.0,0.0,40.0,79.0,3.0,0.0,20.0,0.0,1.0,23.0,42.0,5.75,140.0,Silver,Japan - JP,2 - Year International Limited Warranty,Silver,Stainless Steel,Stainless Steel,Deployment,Silver,Quartz,50m - 160ft - 5atm,10000.0,50.0,Mens,200.0,Bronson
FS5712,796483498594,A,50MM,Available,41.0,10,51.0,0.0,56,9.333333333333334,5.4642857142857135,100.0,70.0,0.0,2020H2,0.0,0.0,0.0,0.0,0.0,55.0,97.0,10.0,4.0,11.0,0.0,2.0,25.0,41.0,6.25,140.0,Black,Japan - JP,2 - Year International Limited Warranty,Black,Stainless Steel,Stainless Steel,Deployment,Black,Quartz,50m - 160ft - 5atm,10000.0,50.0,Mens,200.0,Bronson
FS5713,796483498600,C,50MM,Available,26.0,0,26.0,0.0,31,5.166666666666667,5.032258064516129,90.0,62.99999999999999,0.0,2020H2,0.0,0.0,0.0,0.0,0.0,60.0,76.0,4.0,4.0,11.0,0.0,2.0,19.0,26.0,4.75,125.99999999999999,Black,Japan - JP,2 - Year International Limited Warranty,Multicolor,Leather,Stainless Steel,Buckle,Black,Quartz,50m - 160ft - 5atm,10000.0,50.0,Mens,180.0,Bronson
FS5714,796483498617,C,50MM,Available,10.0,30,40.0,0.0,46,7.666666666666667,5.217391304347826,90.0,62.99999999999999,0.0,2020H2,0.0,0.0,0.0,0.0,0.0,55.0,90.0,6.0,4.0,10.0,1.0,0.0,21.0,10.0,5.25,125.99999999999999,Black,Japan - JP,2 - Year International Limited Warranty,Brown,Leather,Stainless Steel,Buckle,Black,Quartz,50m - 160ft - 5atm,10000.0,50.0,Mens,180.0,Bronson
FS5735,796483507319,C,44MM,Available,20.0,10,30.0,0.0,23,3.8333333333333335,7.826086956521739,80.0,56.0,0.0,2020H3,0.0,0.0,0.0,0.0,0.0,7.0,33.0,5.0,5.0,0.0,0.0,0.0,10.0,20.0,2.5,112.0,Green,Japan - JP,2 - Year International Limited Warranty,Brown,Leather,Stainless Steel,Buckle,Green,Quartz,50m - 160ft - 5atm,10000.0,44.0,Mens,160.0,Neutra chrono
FS5756,796483521544,C,44MM,Available,18.0,0,18.0,0.0,18,3.0,6.0,65.0,45.5,0.0,2020H3,0.0,0.0,0.0,0.0,0.0,2.0,33.0,0.0,0.0,4.0,1.0,4.0,5.0,18.0,1.25,91.0,Black,Japan - JP,2 - Year International Limited Warranty,Brown,Leather,Stainless Steel,Buckle,Black,Quartz,30m - 100ft - 3atm,10000.0,44.0,Mens,130.0,The minimalist 3h
FS5763,796483521612,B,44MM,Available,9.0,0,9.0,10.0,19,3.1666666666666665,6.0,80.0,56.0,560.0,2020H3,0.0,0.0,0.0,0.0,0.0,0.0,35.0,3.0,0.0,4.0,1.0,5.0,8.0,9.0,2.0,112.0,Black,Japan - JP,2 - Year International Limited Warranty,Brown,Leather,Stainless Steel,Buckle,Black,Quartz,50m - 160ft - 5atm,10000.0,44.0,Mens,160.0,Neutra chrono
FS5772,796483513303,C,44MM,Available,15.0,30,45.0,0.0,88,14.666666666666666,3.0681818181818183,80.0,56.0,0.0,2020H3,0.0,0.0,0.0,0.0,0.0,0.0,147.0,5.0,0.0,25.0,3.0,7.0,33.0,15.0,8.25,112.0,Gold,Japan - JP,2 - Year International Limited Warranty,Gold,Stainless Steel,Stainless Steel,Fold-Over,Gold,Quartz,100m - 330ft - 10atm,10000.0,44.0,Mens,160.0,Garrett
FS5791,796483530553,C,44MM,Available,41.0,0,41.0,0.0,43,7.166666666666667,5.720930232558139,80.0,56.0,0.0,No status reported,0.0,0.0,0.0,0.0,0.0,0.0,41.0,10.0,4.0,4.0,0.0,0.0,18.0,41.0,4.5,112.0,Blue,Japan - JP,2 - Year International Limited Warranty,Brown,Leather,Stainless Steel,No clasp type reported,Blue,Quartz,50m - 160ft - 5atm,10000.0,44.0,Mens,160.0,Neutra chrono
FS5792,796483530485,B,44MM,Available,30.0,30,60.0,0.0,30,5.0,12.0,90.0,62.99999999999999,0.0,2021H1,0.0,0.0,0.0,0.0,0.0,0.0,57.0,0.0,3.0,0.0,0.0,0.0,3.0,30.0,0.75,125.99999999999999,Silver,Japan - JP,2 - Year International Limited Warranty,Silver,Stainless Steel,Stainless Steel,No clasp type reported,Blue,Quartz,50m - 160ft - 5atm,10000.0,44.0,Mens,180.0,Neutra chrono
FS5795,796483534360,C,42MM,Available,39.0,0,39.0,10.0,64,10.666666666666666,4.59375,95.0,66.5,665.0,2021H2,0.0,0.0,0.0,0.0,0.0,0.0,43.0,6.0,6.0,14.0,6.0,1.0,32.0,39.0,8.0,133.0,Silver,Japan - JP,2 - Year International Limited Warranty,Silver,Stainless Steel,Stainless Steel,Deployment,Blue,Quartz,50m - 160ft - 5atm,100.0,42.0,Mens,190.0,Everett chronograph
FS5796,796483534377,C,42MM,Available,45.0,0,45.0,0.0,47,7.833333333333333,5.74468085106383,95.0,66.5,0.0,2021H2,0.0,0.0,0.0,0.0,0.0,0.0,34.0,6.0,0.0,10.0,3.0,2.0,19.0,45.0,4.75,133.0,Silver,Japan - JP,2 - Year International Limited Warranty,Two-Tone,Stainless Steel,Stainless Steel,Deployment,Cream,Quartz,50m - 160ft - 5atm,100.0,42.0,Mens,190.0,Everett chronograph
FS5797,796483534384,C,42MM,Available,26.0,0,26.0,0.0,26,4.333333333333333,6.0,95.0,66.5,0.0,2021H2,0.0,0.0,0.0,0.0,0.0,0.0,20.0,2.0,1.0,4.0,8.0,1.0,15.0,26.0,3.75,133.0,Black,Japan - JP,2 - Year International Limited Warranty,Black,Stainless Steel,Stainless Steel,Deployment,Black,Quartz,50m - 160ft - 5atm,100.0,42.0,Mens,190.0,Everett chronograph
FS5798,796483534391,C,42MM,Available,11.0,0,11.0,10.0,34,5.666666666666667,3.705882352941176,85.0,59.49999999999999,594.9999999999999,2021H2,0.0,0.0,0.0,0.0,0.0,0.0,18.0,5.0,0.0,6.0,11.0,2.0,22.0,11.0,5.5,118.99999999999999,Black,Japan - JP,2 - Year International Limited Warranty,Brown,Leather,Stainless Steel,Buckle,Black,Quartz,50m - 160ft - 5atm,100.0,42.0,Mens,170.0,Everett chronograph
FS5799,796483534407,C,42MM,Available,20.0,0,20.0,0.0,30,5.0,4.0,85.0,59.49999999999999,0.0,2021H2,0.0,0.0,0.0,0.0,0.0,0.0,10.0,6.0,5.0,5.0,7.0,0.0,23.0,20.0,5.75,118.99999999999999,Gunmetal,Japan - JP,2 - Year International Limited Warranty,Brown,Leather,Stainless Steel,Buckle,Grey,Quartz,50m - 160ft - 5atm,100.0,42.0,Mens,170.0,Everett chronograph
FS5821,796483530591,B,42MM,Available,28.0,10,38.0,0.0,45,7.5,5.066666666666666,80.0,56.0,0.0,2021H1,0.0,0.0,0.0,0.0,0.0,0.0,19.0,7.0,7.0,8.0,3.0,1.0,25.0,28.0,6.25,112.0,Silver,Japan - JP,2 - Year International Limited Warranty,Silver,Stainless Steel,Stainless Steel,Clasp,Black,Quartz,50m - 160ft - 5atm,100.0,42.0,Mens,160.0,Everett 3h
FS5822,796483530607,C,42MM,Available,28.0,0,28.0,0.0,39,6.5,4.3076923076923075,80.0,56.0,0.0,No status reported,0.0,0.0,0.0,0.0,0.0,0.0,30.0,13.0,8.0,6.0,5.0,0.0,32.0,28.0,8.0,112.0,Silver,Japan - JP,2 - Year International Limited Warranty,Silver,Stainless Steel,Stainless Steel,Fold-Over,Blue,No movement type reported,50m - 160ft - 5atm,10000.0,42.0,Mens,160.0,Everett
FS5823,796483530621,C,42MM,Available,41.0,0,41.0,0.0,65,10.833333333333334,3.7846153846153845,80.0,56.0,0.0,No status reported,0.0,0.0,0.0,0.0,0.0,0.0,75.0,17.0,7.0,6.0,3.0,1.0,33.0,41.0,8.25,112.0,Silver,Japan - JP,2 - Year International Limited Warranty,Two-Tone,Stainless Steel,Stainless Steel,No clasp type reported,Cream,Quartz,50m - 160ft - 5atm,10000.0,42.0,Mens,160.0,Everett
FS5824,796483530614,C,42MM,Available,14.0,0,14.0,0.0,16,2.6666666666666665,5.25,80.0,56.0,0.0,No status reported,0.0,0.0,0.0,0.0,0.0,0.0,22.0,5.0,0.0,4.0,1.0,3.0,10.0,14.0,2.5,112.0,Black,Japan - JP,2 - Year International Limited Warranty,Black,Stainless Steel,Stainless Steel,No clasp type reported,Black,Quartz,50m - 160ft - 5atm,10000.0,42.0,Mens,160.0,Everett
FS5830,796483533691,C,42MM,Available,28.0,0,28.0,0.0,40,6.666666666666667,4.2,95.0,66.5,0.0,2021H2,0.0,0.0,0.0,0.0,0.0,0.0,30.0,3.0,1.0,9.0,3.0,3.0,16.0,28.0,4.0,133.0,Gunmetal,Japan - JP,2 - Year International Limited Warranty,Gunmetal,Stainless Steel,Stainless Steel,Deployment,Grey,Quartz,50m - 160ft - 5atm,100.0,42.0,Mens,190.0,Everett chronograph
FS5832,796483536838,C,44MM,Available,20.0,10,30.0,0.0,20,3.3333333333333335,9.0,70.0,49.0,0.0,2021H2,0.0,0.0,0.0,0.0,0.0,0.0,4.0,9.0,2.0,5.0,0.0,0.0,16.0,20.0,4.0,98.0,Silver,Japan - JP,2 - Year International Limited Warranty,Brown,Leather,Stainless Steel,Buckle,Blue,Quartz,50m - 160ft - 5atm,100.0,44.0,Mens,140.0,Pilot chrono
FS5833,796483536807,C,44MM,Available,16.0,0,16.0,10.0,29,4.833333333333333,5.379310344827586,70.0,49.0,490.0,2021H2,0.0,0.0,0.0,0.0,0.0,0.0,5.0,9.0,2.0,6.0,3.0,4.0,20.0,16.0,5.0,98.0,Black,Japan - JP,2 - Year International Limited Warranty,Brown,Leather,Stainless Steel,Buckle,Black,Quartz,50m - 160ft - 5atm,100.0,44.0,Mens,140.0,Pilot chrono
FS5835,796483534322,C,42MM,Available,42.0,0,42.0,0.0,32,5.333333333333333,7.875,90.0,62.99999999999999,0.0,No status reported,0.0,0.0,0.0,0.0,0.0,0.0,37.0,5.0,6.0,1.0,2.0,0.0,14.0,42.0,3.5,125.99999999999999,Gunmetal,Japan - JP,2 - Year International Limited Warranty,Gunmetal,Stainless Steel,Stainless Steel,Fold-Over,Black,Quartz,100m - 330ft - 10atm,100.0,42.0,Mens,180.0,Fb - 01 chrono
FS5836,796483534339,B,42MM,Available,61.0,0,61.0,0.0,65,10.833333333333334,5.63076923076923,90.0,62.99999999999999,0.0,No status reported,0.0,0.0,0.0,0.0,0.0,0.0,75.0,2.0,3.0,13.0,12.0,4.0,30.0,61.0,7.5,125.99999999999999,Gold,Japan - JP,2 - Year International Limited Warranty,Gold,Stainless Steel,Stainless Steel,Fold-Over,Black,Quartz,100m - 330ft - 10atm,100.0,42.0,Mens,180.0,Fb - 01 chrono
FS5837,796483534346,C,42MM,Available,40.0,0,40.0,0.0,34,5.666666666666667,7.0588235294117645,90.0,62.99999999999999,0.0,No status reported,0.0,0.0,0.0,0.0,0.0,0.0,58.0,6.0,0.0,1.0,4.0,1.0,11.0,40.0,2.75,125.99999999999999,Silver,Japan - JP,2 - Year International Limited Warranty,Silver,Stainless Steel,Stainless Steel,Fold-Over,Black,Quartz,100m - 330ft - 10atm,100.0,42.0,Mens,180.0,Fb - 01 chrono
FS5838,796483536555,C,44MM,Available,62.0,0,62.0,0.0,16,2.6666666666666665,23.25,70.0,49.0,0.0,No status reported,0.0,0.0,0.0,0.0,0.0,0.0,7.0,5.0,5.0,0.0,1.0,0.0,11.0,62.0,2.75,98.0,Silver,Japan - JP,2 - Year International Limited Warranty,Brown,Leather,Stainless Steel,Buckle,Green,Mechanical,50m - 160ft - 5atm,100.0,44.0,Mens,140.0,The minimalist solar
FS5839,796483536562,B,44MM,Available,57.0,0,57.0,0.0,25,4.166666666666667,13.68,70.0,49.0,0.0,No status reported,0.0,0.0,0.0,0.0,0.0,0.0,16.0,8.0,4.0,0.0,0.0,0.0,12.0,57.0,3.0,98.0,Silver,Japan - JP,2 - Year International Limited Warranty,Brown,Leather,Stainless Steel,Buckle,Blue,Mechanical,50m - 160ft - 5atm,100.0,44.0,Mens,140.0,The minimalist solar
FS5840,796483536579,C,44MM,Available,33.0,0,33.0,0.0,37,6.166666666666667,5.351351351351351,70.0,49.0,0.0,No status reported,0.0,0.0,0.0,0.0,0.0,0.0,31.0,2.0,2.0,3.0,0.0,4.0,7.0,33.0,1.75,98.0,Gold,Japan - JP,2 - Year International Limited Warranty,Black,Leather,Stainless Steel,Buckle,Black,Mechanical,50m - 160ft - 5atm,100.0,44.0,Mens,140.0,The minimalist solar
FS5841,796483536586,C,44MM,Delivery within 6 weeks,81.0,0,81.0,0.0,14,2.3333333333333335,34.714285714285715,70.0,49.0,0.0,No status reported,0.0,0.0,0.0,0.0,0.0,0.0,4.0,1.0,3.0,1.0,0.0,5.0,5.0,81.0,1.25,98.0,Black,Japan - JP,2 - Year International Limited Warranty,Brown,Leather,Stainless Steel,Buckle,Black,Mechanical,50m - 160ft - 5atm,100.0,44.0,Mens,140.0,The minimalist solar
FS5843,796483534469,C,40MM,Delivery more than 6 weeks,0.0,0,0.0,30.0,0,0.0,0.0,50.0,35.0,1050.0,No status reported,0.0,0.0,0.0,0.0,0.0,0.0,0.0,0.0,0.0,0.0,0.0,0.0,0.0,0.0,0.0,70.0,Gold,Japan - JP,2 - Year International Limited Warranty,Gold,Stainless Steel,Stainless Steel,Safety,Digital,Digital,50m - 160ft - 5atm,100.0,40.0,Mens,100.0,Retro digital
FS5844,796483534476,C,40MM,Delivery more than 6 weeks,0.0,0,0.0,20.0,0,0.0,0.0,50.0,35.0,700.0,2021H2,0.0,0.0,0.0,0.0,0.0,0.0,0.0,0.0,0.0,0.0,0.0,0.0,0.0,0.0,0.0,70.0,Silver,Japan - JP,2 - Year International Limited Warranty,Silver,Stainless Steel,Stainless Steel,Safety,Digital,Digital,50m - 160ft - 5atm,100.0,40.0,Mens,100.0,Retro digital
FS5846,796483534483,C,40MM,Delivery more than 6 weeks,0.0,0,0.0,15.0,0,0.0,0.0,50.0,35.0,525.0,2021H2,0.0,0.0,0.0,0.0,0.0,0.0,0.0,1.0,0.0,0.0,0.0,0.0,1.0,0.0,0.25,70.0,Gunmetal,Japan - JP,2 - Year International Limited Warranty,Gunmetal,Stainless Steel,Stainless Steel,Safety,Digital,Digital,50m - 160ft - 5atm,100.0,40.0,Mens,100.0,Retro digital
FS5847,796483545922,C,42MM,Available,20.0,0,20.0,0.0,20,3.3333333333333335,6.0,90.0,62.99999999999999,0.0,2021H3,0.0,0.0,0.0,0.0,0.0,0.0,3.0,5.0,9.0,3.0,0.0,0.0,17.0,20.0,4.25,125.99999999999999,Silver,Japan - JP,2 - Year International Limited Warranty,Silver,Stainless Steel,Stainless Steel,Fold-Over,Black,Quartz,50m - 160ft - 5atm,100.0,42.0,Mens,180.0,The minimalist chrono
FS5848,796483545939,C,42MM,Available,35.0,0,35.0,0.0,5,0.8333333333333334,42.0,90.0,62.99999999999999,0.0,2021H3,0.0,0.0,0.0,0.0,0.0,0.0,0.0,0.0,0.0,3.0,0.0,2.0,3.0,35.0,0.75,125.99999999999999,Black,Japan - JP,2 - Year International Limited Warranty,Black,Stainless Steel,Stainless Steel,Fold-Over,Black,Quartz,50m - 160ft - 5atm,100.0,42.0,Mens,180.0,The minimalist chrono
FS5849,796483545946,C,42MM,Available,11.0,0,11.0,0.0,9,1.5,7.333333333333333,80.0,56.0,0.0,2021H3,0.0,0.0,0.0,0.0,0.0,0.0,0.0,6.0,2.0,1.0,0.0,0.0,9.0,11.0,2.25,112.0,Silver,Japan - JP,2 - Year International Limited Warranty,Brown,Leather,Stainless Steel,Buckle,Cream,Quartz,50m - 160ft - 5atm,100.0,42.0,Mens,160.0,The minimalist chrono
FS5850,796483545953,C,42MM,Available,16.0,0,16.0,0.0,14,2.3333333333333335,6.857142857142857,80.0,56.0,0.0,2021H3,0.0,0.0,0.0,0.0,0.0,0.0,0.0,11.0,3.0,0.0,0.0,0.0,14.0,16.0,3.5,112.0,Silver,Japan - JP,2 - Year International Limited Warranty,Brown,Leather,Stainless Steel,Buckle,Blue,Quartz,50m - 160ft - 5atm,100.0,42.0,Mens,160.0,The minimalist chrono
FS5851,796483545151,C,44MM,Available,19.0,0,19.0,5.0,28,4.666666666666667,5.142857142857142,100.0,70.0,350.0,2021H3,0.0,0.0,0.0,0.0,0.0,0.0,14.0,1.0,6.0,4.0,1.0,2.0,12.0,19.0,3.0,140.0,Black,Japan - JP,2 - Year International Limited Warranty,Black,Stainless Steel,Stainless Steel,Clasp,Black,Quartz,50m - 160ft - 5atm,100.0,44.0,Mens,200.0,Bronson
FS5852,796483545168,C,44MM,Available,24.0,0,24.0,5.0,36,6.0,4.833333333333333,100.0,70.0,350.0,2021H3,0.0,0.0,0.0,0.0,0.0,0.0,27.0,0.0,0.0,9.0,1.0,1.0,10.0,24.0,2.5,140.0,Gray,Japan - JP,2 - Year International Limited Warranty,Grey,Stainless Steel,Stainless Steel,Clasp,Black,Quartz,50m - 160ft - 5atm,100.0,44.0,Mens,200.0,Bronson
FS5853,796483545175,C,44MM,Available,19.0,0,19.0,5.0,30,5.0,4.8,100.0,70.0,350.0,2021H3,0.0,0.0,0.0,0.0,0.0,0.0,17.0,2.0,2.0,8.0,0.0,2.0,12.0,19.0,3.0,140.0,Black,Japan - JP,2 - Year International Limited Warranty,Black,Stainless Steel,Stainless Steel,Clasp,Black,Quartz,50m - 160ft - 5atm,100.0,44.0,Mens,200.0,Bronson
FS5855,796483545205,C,44MM,Available,15.0,0,15.0,0.0,15,2.5,6.0,90.0,62.99999999999999,0.0,2021H3,0.0,0.0,0.0,0.0,0.0,0.0,10.0,0.0,0.0,6.0,1.0,0.0,7.0,15.0,1.75,125.99999999999999,Gray,Japan - JP,2 - Year International Limited Warranty,Brown,Leather,Stainless Steel,Buckle,Grey,Quartz,50m - 160ft - 5atm,100.0,44.0,Mens,180.0,Bronson
FS5861,796483545328,C,45MM,Delivery more than 6 weeks,14.0,0,14.0,0.0,16,2.6666666666666665,5.25,95.0,66.5,0.0,2021H3,0.0,0.0,0.0,0.0,0.0,0.0,0.0,1.0,4.0,6.0,2.0,3.0,13.0,14.0,3.25,133.0,Smoke,Japan - JP,2 - Year International Limited Warranty,Grey,Stainless Steel,Stainless Steel,Clasp,Digital,Digital,100m - 330ft - 10atm,100.0,45.0,Mens,190.0,Everett
FS5862,796483545335,C,45MM,Delivery more than 6 weeks,11.0,0,11.0,10.0,29,4.833333333333333,4.344827586206897,95.0,66.5,665.0,2021H3,0.0,0.0,0.0,0.0,0.0,0.0,0.0,8.0,6.0,8.0,5.0,2.0,27.0,11.0,6.75,133.0,Gold,Japan - JP,2 - Year International Limited Warranty,Gold,Stainless Steel,Stainless Steel,Clasp,Digital,Digital,100m - 330ft - 10atm,100.0,45.0,Mens,190.0,Everett
FS5874,796483556638,C,50MM,Available,36.0,0,36.0,0.0,34,5.666666666666667,6.352941176470588,90.0,62.99999999999999,0.0,2021H4,0.0,0.0,0.0,0.0,0.0,0.0,5.0,2.0,2.0,22.0,1.0,2.0,27.0,36.0,6.75,125.99999999999999,Black,Japan - JP,2 - Year International Limited Warranty,Black,Leather,Stainless Steel,Buckle,Black,Quartz,50m - 160ft - 5atm,100.0,50.0,Mens,180.0,Bronson
FS5875,796483556232,C,50MM,Available,32.0,0,32.0,0.0,28,4.666666666666667,6.857142857142857,90.0,62.99999999999999,0.0,2021H4,0.0,0.0,0.0,0.0,0.0,0.0,5.0,5.0,3.0,12.0,1.0,2.0,21.0,32.0,5.25,125.99999999999999,Black,Japan - JP,2 - Year International Limited Warranty,Brown,Leather,Stainless Steel,Buckle,Black,Quartz,50m - 160ft - 5atm,100.0,50.0,Mens,180.0,Bronson
FS5876,796483556256,C,50MM,Available,26.0,0,26.0,0.0,34,5.666666666666667,4.588235294117647,100.0,70.0,0.0,2021H4,0.0,0.0,0.0,0.0,0.0,0.0,5.0,2.0,2.0,21.0,1.0,3.0,26.0,26.0,6.5,140.0,Black,Japan - JP,2 - Year International Limited Warranty,Black,Stainless Steel,Stainless Steel,Deployment,Black,Quartz,50m - 160ft - 5atm,100.0,50.0,Mens,200.0,Bronson
FS5877,796483556249,C,50MM,Available,46.0,0,46.0,10.0,84,14.0,4.0,100.0,70.0,700.0,2021H4,0.0,0.0,0.0,0.0,0.0,0.0,10.0,23.0,13.0,20.0,11.0,7.0,67.0,46.0,16.75,140.0,Gold,Japan - JP,2 - Year International Limited Warranty,Gold,Stainless Steel,Stainless Steel,Deployment,Black,Quartz,50m - 160ft - 5atm,100.0,50.0,Mens,200.0,Bronson
FS5883,796483556621,C,42MM,Available,18.0,0,18.0,0.0,32,5.333333333333333,3.375,75.0,52.5,0.0,2021H4,0.0,0.0,0.0,0.0,0.0,0.0,3.0,4.0,2.0,20.0,2.0,1.0,28.0,18.0,7.0,105.0,Silver,Japan - JP,2 - Year International Limited Warranty,Silver,Stainless Steel,Stainless Steel,Buckle,Black,Quartz,50m - 160ft - 5atm,100.0,42.0,Mens,150.0,Machine
FS5893,796483561830,2022H1,42MM,Available,19.0,0,19.0,0.0,1,0.16666666666666666,114.0,75.0,52.5,0.0,2022H1,0.0,0.0,0.0,0.0,0.0,0.0,0.0,0.0,0.0,1.0,0.0,0.0,1.0,19.0,0.25,105.0,Blue,Japan - JP,2 - Year International Limited Warranty,Blue,Fabric,Resin,Buckle,Blue,Solar,100m - 330ft - 10atm,100.0,42.0,Mens,150.0,Fb - 01
FS5898,796483566897,2022H1,44MM,Available,30.0,0,30.0,0.0,0,0.0,0.0,90.0,62.99999999999999,0.0,2022H1,0.0,0.0,0.0,0.0,0.0,0.0,0.0,0.0,0.0,0.0,0.0,0.0,0.0,30.0,0.0,125.99999999999999,Silver,Japan - JP,2 - Year International Limited Warranty,Brown,Leather,Stainless Steel,Buckle,Green,Quartz,50m - 160ft - 5atm,100.0,44.0,Mens,180.0,Bronson
FS5899,796483561854,2022H1,42MM,Available,28.0,0,28.0,0.0,2,0.3333333333333333,84.0,80.0,56.0,0.0,2022H1,0.0,0.0,0.0,0.0,0.0,0.0,0.0,0.0,0.0,2.0,0.0,0.0,2.0,28.0,0.5,112.0,Silver,Japan - JP,2 - Year International Limited Warranty,Silver,Stainless Steel,Stainless Steel,Fold-Over,Green,Quartz,50m - 160ft - 5atm,100.0,42.0,Mens,160.0,Machine
FS5900,796483566873,2022H1,42MM,Available,27.0,0,27.0,0.0,3,0.5,54.0,70.0,49.0,0.0,2022H1,0.0,0.0,0.0,0.0,0.0,0.0,0.0,0.0,0.0,3.0,0.0,0.0,3.0,27.0,0.75,98.0,Smoke,Japan - JP,2 - Year International Limited Warranty,Brown,Leather,Stainless Steel,Buckle,Grey,Quartz,50m - 160ft - 5atm,100.0,42.0,Mens,140.0,Machine
FS5901,796483566880,2022H1,42MM,Available,23.0,0,23.0,0.0,2,0.3333333333333333,69.0,70.0,49.0,0.0,2022H1,0.0,0.0,0.0,0.0,0.0,0.0,0.0,0.0,0.0,0.0,0.0,2.0,0.0,23.0,0.0,98.0,Black,Japan - JP,2 - Year International Limited Warranty,Brown,Leather,Stainless Steel,Buckle,Black,Quartz,50m - 160ft - 5atm,100.0,42.0,Mens,140.0,Machine
FS5902,796483566910,2022H1,44MM,Available,20.0,0,20.0,0.0,0,0.0,0.0,80.0,56.0,0.0,2022H1,0.0,0.0,0.0,0.0,0.0,0.0,0.0,0.0,0.0,0.0,0.0,0.0,0.0,20.0,0.0,112.0,Silver,Japan - JP,2 - Year International Limited Warranty,Brown,Leather,Stainless Steel,Buckle,Green,Quartz,50m - 160ft - 5atm,100.0,44.0,Mens,160.0,Neutra
FS5903,796483567061,2022H1,42MM,Available,19.0,0,19.0,0.0,1,0.16666666666666666,114.0,85.0,59.49999999999999,0.0,2022H1,0.0,0.0,0.0,0.0,0.0,0.0,0.0,0.0,0.0,0.0,1.0,0.0,1.0,19.0,0.25,118.99999999999999,Silver,Japan - JP,2 - Year International Limited Warranty,Brown,Leather,Stainless Steel,Buckle,Blue,Quartz,50m - 160ft - 5atm,100.0,42.0,Mens,170.0,Neutra
FS5904,796483567078,2022H1,42MM,Available,20.0,0,20.0,0.0,0,0.0,0.0,85.0,59.49999999999999,0.0,2022H1,0.0,0.0,0.0,0.0,0.0,0.0,0.0,0.0,0.0,0.0,0.0,0.0,0.0,20.0,0.0,118.99999999999999,Silver,Japan - JP,2 - Year International Limited Warranty,Black,Leather,Stainless Steel,Buckle,Black,Quartz,50m - 160ft - 5atm,100.0,42.0,Mens,170.0,Neutra
FS5905,796483567054,2022H1,42MM,Available,16.0,0,16.0,0.0,4,0.6666666666666666,24.0,85.0,59.49999999999999,0.0,2022H1,0.0,0.0,0.0,0.0,0.0,0.0,0.0,0.0,0.0,4.0,0.0,0.0,4.0,16.0,1.0,118.99999999999999,Silver,Japan - JP,2 - Year International Limited Warranty,Brown,Leather,Stainless Steel,Buckle,Silver,Quartz,50m - 160ft - 5atm,100.0,42.0,Mens,170.0,Neutra
FS5906,796483561892,2022H1,42MM,Available,14.0,0,14.0,0.0,6,1.0,14.0,95.0,66.5,0.0,2022H1,0.0,0.0,0.0,0.0,0.0,0.0,0.0,0.0,0.0,1.0,2.0,3.0,3.0,14.0,0.75,133.0,Silver,Japan - JP,2 - Year International Limited Warranty,Two-Tone,Stainless Steel,Stainless Steel,Fold-Over,Black,Quartz,50m - 160ft - 5atm,100.0,42.0,Mens,190.0,Neutra
FS5907,796483561908,2022H1,42MM,Available,0.0,0,0.0,20.0,0,0.0,0.0,95.0,66.5,1330.0,No status reported,0.0,0.0,0.0,0.0,0.0,0.0,0.0,0.0,0.0,0.0,0.0,0.0,0.0,0.0,0.0,133.0,Silver,Japan - JP,2 - Year International Limited Warranty,Silver,Stainless Steel,Stainless Steel,Fold-Over,Blue,Quartz,50m - 160ft - 5atm,100.0,42.0,Mens,190.0,Neutra
FS5908,796483561939,2022H1,42MM,Available,15.0,0,15.0,0.0,5,0.8333333333333334,18.0,90.0,62.99999999999999,0.0,2022H1,0.0,0.0,0.0,0.0,0.0,0.0,0.0,0.0,0.0,2.0,3.0,0.0,5.0,15.0,1.25,125.99999999999999,Gray,Japan - JP,2 - Year International Limited Warranty,Grey,Stainless Steel,Stainless Steel,Buckle,Green,Quartz,50m - 160ft - 5atm,100.0,42.0,Mens,180.0,Neutra
FS5911,796483562004,2022H1,42MM,Available,8.0,0,8.0,0.0,2,0.3333333333333333,24.0,75.0,52.5,0.0,2022H1,0.0,0.0,0.0,0.0,0.0,0.0,0.0,0.0,0.0,1.0,0.0,1.0,1.0,8.0,0.25,105.0,Clear,Japan - JP,2 - Year International Limited Warranty,Green,Fabric,Resin,Buckle,Black,Solar,100m - 330ft - 10atm,100.0,42.0,Mens,150.0,Fb - 01
FS5914,796483573949,2022H2,42MM,Delivery within 6 weeks,0.0,25,25.0,0.0,0,0.0,0.0,80.0,56.0,0.0,No status reported,0.0,0.0,0.0,0.0,0.0,0.0,0.0,0.0,0.0,0.0,0.0,0.0,0.0,0.0,0.0,112.0,Blue,Japan - JP,2 - Year International Limited Warranty,Brown,Leather,Stainless Steel,Buckle,Blue,Quartz,100m - 330ft - 10atm,100.0,42.0,Mens,160.0,Fb - 01
FS5915,796483573956,2022H2,42MM,Delivery within 6 weeks,0.0,20,20.0,0.0,0,0.0,0.0,90.0,62.99999999999999,0.0,No status reported,0.0,0.0,0.0,0.0,0.0,0.0,0.0,0.0,0.0,0.0,0.0,0.0,0.0,0.0,0.0,125.99999999999999,White,Japan - JP,2 - Year International Limited Warranty,Silver,Stainless Steel,Stainless Steel,Buckle,White,Quartz,100m - 330ft - 10atm,100.0,42.0,Mens,180.0,Fb - 01
FS5916,796483570870,2022H2,44MM,Available,0.0,30,30.0,0.0,0,0.0,0.0,100.0,70.0,0.0,No status reported,0.0,0.0,0.0,0.0,0.0,0.0,0.0,0.0,0.0,0.0,0.0,0.0,0.0,0.0,0.0,140.0,Blue,Japan - JP,2 - Year International Limited Warranty,Blue,Stainless Steel,Stainless Steel,Fold-Over,Blue,Quartz,50m - 160ft - 5atm,100.0,44.0,Mens,200.0,Bronson
FS5920,796483570801,2022H2,42MM,Available,0.0,30,30.0,0.0,0,0.0,0.0,70.0,49.0,0.0,No status reported,0.0,0.0,0.0,0.0,0.0,0.0,0.0,0.0,0.0,0.0,0.0,0.0,0.0,0.0,0.0,98.0,Brown,Japan - JP,2 - Year International Limited Warranty,Brown,Leather,Stainless Steel,Buckle,Brown,Quartz,50m - 160ft - 5atm,100.0,42.0,Mens,140.0,Machine
FS5921,796483572102,2022H2,42MM,Available,0.0,30,30.0,0.0,0,0.0,0.0,80.0,56.0,0.0,No status reported,0.0,0.0,0.0,0.0,0.0,0.0,0.0,0.0,0.0,0.0,0.0,0.0,0.0,0.0,0.0,112.0,Black,Japan - JP,2 - Year International Limited Warranty,Black,Leather,Stainless Steel,Buckle,Black,Quartz,50m - 160ft - 5atm,100.0,42.0,Mens,160.0,Machine
FS5922,796483574380,2022H2,42MM,Available,0.0,30,30.0,0.0,0,0.0,0.0,80.0,56.0,0.0,No status reported,0.0,0.0,0.0,0.0,0.0,0.0,0.0,0.0,0.0,0.0,0.0,0.0,0.0,0.0,0.0,112.0,White,Japan - JP,2 - Year International Limited Warranty,Brown,Leather,Stainless Steel,Buckle,White,Quartz,50m - 160ft - 5atm,100.0,42.0,Mens,160.0,Machine
FS5923,796483570832,2022H2,42MM,Available,0.0,30,30.0,0.0,0,0.0,0.0,70.0,49.0,0.0,No status reported,0.0,0.0,0.0,0.0,0.0,0.0,0.0,0.0,0.0,0.0,0.0,0.0,0.0,0.0,0.0,98.0,Blue,Japan - JP,2 - Year International Limited Warranty,Brown,Leather,Stainless Steel,Buckle,Blue,Quartz,50m - 160ft - 5atm,100.0,42.0,Mens,140.0,Dayliner
FS5924,796483570825,2022H2,42MM,Available,30.0,20,50.0,0.0,0,0.0,0.0,70.0,49.0,0.0,2022H2,0.0,0.0,0.0,0.0,0.0,0.0,0.0,0.0,0.0,0.0,0.0,0.0,0.0,30.0,0.0,98.0,Blue,Japan - JP,2 - Year International Limited Warranty,Blue,Leather,Stainless Steel,Buckle,Blue,Quartz,50m - 160ft - 5atm,100.0,42.0,Mens,140.0,Dayliner
FS5925,796483570856,2022H2,42MM,Available,20.0,15,35.0,0.0,0,0.0,0.0,70.0,49.0,0.0,2022H2,0.0,0.0,0.0,0.0,0.0,0.0,0.0,0.0,0.0,0.0,0.0,0.0,0.0,20.0,0.0,98.0,Green,Japan - JP,2 - Year International Limited Warranty,Brown,Leather,Stainless Steel,Buckle,Green,Quartz,50m - 160ft - 5atm,100.0,42.0,Mens,140.0,Dayliner
FS5926,796483570849,2022H2,42MM,Available,0.0,30,30.0,0.0,0,0.0,0.0,70.0,49.0,0.0,No status reported,0.0,0.0,0.0,0.0,0.0,0.0,0.0,0.0,0.0,0.0,0.0,0.0,0.0,0.0,0.0,98.0,Black,Japan - JP,2 - Year International Limited Warranty,Blue,Leather,Stainless Steel,Buckle,Black,Quartz,50m - 160ft - 5atm,100.0,42.0,Mens,140.0,Dayliner
FS5927,796483570863,2022H2,42MM,Available,0.0,20,20.0,0.0,0,0.0,0.0,70.0,49.0,0.0,No status reported,0.0,0.0,0.0,0.0,0.0,0.0,0.0,0.0,0.0,0.0,0.0,0.0,0.0,0.0,0.0,98.0,Clear,Japan - JP,2 - Year International Limited Warranty,Brown,Leather,Stainless Steel,Buckle,Clear,Quartz,50m - 160ft - 5atm,100.0,42.0,Mens,140.0,Dayliner
FS5928,796483573932,2022H2,42MM,Available,0.0,30,30.0,0.0,0,0.0,0.0,80.0,56.0,0.0,No status reported,0.0,0.0,0.0,0.0,0.0,0.0,0.0,0.0,0.0,0.0,0.0,0.0,0.0,0.0,0.0,112.0,Blue,Japan - JP,2 - Year International Limited Warranty,Brown,Leather,Stainless Steel,Buckle,Blue,Quartz,50m - 160ft - 5atm,100.0,42.0,Mens,160.0,Neutra minimalist
FS5929,796483570276,2022H1,42MM,Available,20.0,0,20.0,0.0,0,0.0,0.0,65.0,45.5,0.0,2022H1,0.0,0.0,0.0,0.0,0.0,0.0,0.0,0.0,0.0,0.0,0.0,0.0,0.0,20.0,0.0,91.0,Silver,Japan - JP,2 - Year International Limited Warranty,Multicolor,Nylon,Stainless Steel,Buckle,Red,Quartz,100m - 330ft - 10atm,100.0,42.0,Mens,130.0,Fb - 01
FS5930,796483575011,2022H2,44MM,Delivery within 6 weeks,0.0,0,0.0,0.0,0,0.0,0.0,65.0,45.5,0.0,No status reported,0.0,0.0,0.0,0.0,0.0,0.0,0.0,0.0,0.0,0.0,0.0,0.0,0.0,0.0,0.0,91.0,Black,Japan - JP,2 - Year International Limited Warranty,Black,Leather,Stainless Steel,Buckle,Black,Quartz,50m - 160ft - 5atm,100.0,44.0,Mens,130.0,Neutra pride
FS5931,796483575035,2022H2,40MM,Delivery within 6 weeks,0.0,0,0.0,0.0,0,0.0,0.0,65.0,45.5,0.0,No status reported,0.0,0.0,0.0,0.0,0.0,0.0,0.0,0.0,0.0,0.0,0.0,0.0,0.0,0.0,0.0,91.0,White,Japan - JP,2 - Year International Limited Warranty,Brown,Leather,Stainless Steel,Buckle,White,Quartz,50m - 160ft - 5atm,100.0,40.0,Mens,130.0,Neutra pride
JR1354,691464876166,B,50MM,Available,18.0,25,43.0,10.0,69,11.5,4.608695652173913,85.0,59.49999999999999,594.9999999999999,No status reported,41.0,93.0,124.0,397.0,193.0,0.0,34.0,12.0,7.0,11.0,20.0,3.0,50.0,18.0,12.5,118.99999999999999,Black,Japan - JP,2 - Year International Limited Warranty,Black,Leather,Stainless Steel,No clasp type reported,Black,Quartz,50m - 160ft - 5atm,10000.0,50.0,Mens,170.0,Nate
JR1401,691464937362,B,50MM,Available,26.0,20,46.0,0.0,47,7.833333333333333,5.872340425531915,90.0,62.99999999999999,0.0,No status reported,30.0,106.0,165.0,216.0,89.0,0.0,35.0,5.0,10.0,16.0,1.0,2.0,32.0,26.0,8.0,125.99999999999999,Black,Japan - JP,2 - Year International Limited Warranty,Black,Stainless Steel,Stainless Steel,No clasp type reported,Black,Quartz,50m - 160ft - 5atm,10000.0,50.0,Mens,180.0,Nate
JR1437,691464976668,B,50MM,Delivery within 6 weeks,0.0,50,50.0,0.0,37,6.166666666666667,8.108108108108107,90.0,62.99999999999999,0.0,No status reported,27.0,86.0,145.0,147.0,192.0,20.0,34.0,8.0,7.0,11.0,0.0,0.0,26.0,0.0,6.5,125.99999999999999,Gray,Japan - JP,2 - Year International Limited Warranty,Grey,Stainless Steel,Stainless Steel,No clasp type reported,Grey,Quartz,50m - 160ft - 5atm,10000.0,50.0,Mens,180.0,Nate
JR1487,796483156814,B,50MM,Available,50.0,30,80.0,0.0,32,5.333333333333333,15.0,85.0,59.49999999999999,0.0,No status reported,47.0,112.0,186.0,260.0,152.0,35.0,31.0,8.0,4.0,7.0,0.0,0.0,19.0,50.0,4.75,118.99999999999999,Brown,Japan - JP,2 - Year International Limited Warranty,Brown,Leather,Stainless Steel,No clasp type reported,Brown,Quartz,50m - 160ft - 5atm,10000.0,50.0,Mens,170.0,Nate
LE1143SET,796483561120,2022H1,42MM,Out of stock,0.0,0,0.0,0.0,0,0.0,0.0,150.0,105.0,0.0,No status reported,0.0,0.0,0.0,0.0,0.0,0.0,0.0,0.0,0.0,0.0,0.0,0.0,0.0,0.0,0.0,210.0,Black,Japan - JP,2 - Year International Limited Warranty,Gold,Stainless Steel,Stainless Steel,Deployment,Black,Quartz,50m - 160ft - 5atm,100.0,42.0,Mens,300.0,Batman heritage le
ME1175,796483561922,2022H1,44MM,Delivery within 6 weeks,0.0,30,30.0,0.0,0,0.0,0.0,105.0,73.5,0.0,No status reported,0.0,0.0,0.0,0.0,0.0,0.0,0.0,0.0,0.0,0.0,0.0,0.0,0.0,0.0,0.0,147.0,Silver,Thailand - TH,2 - Year International Limited Warranty,Silver,Stainless Steel,Stainless Steel,Fold-Over,Black,Mechanical,50m - 160ft - 5atm,100.0,44.0,Mens,210.0,Neutra
ME3098,796483211926,B,44MM,Available,27.0,0,27.0,0.0,8,1.3333333333333333,20.25,125.0,87.5,0.0,No status reported,0.0,3.0,6.0,20.0,23.0,18.0,33.0,1.0,0.0,1.0,1.0,0.0,3.0,27.0,0.75,175.0,Brown,Japan - JP,2 - Year International Limited Warranty,Brown,Leather,Stainless Steel,Buckle,Brown,Automatic,50m - 160ft - 5atm,10000.0,44.0,Mens,250.0,Townsman
ME3099,796483212916,B,44MM,Available,9.0,30,39.0,0.0,37,6.166666666666667,6.324324324324324,95.0,66.5,0.0,No status reported,5.0,13.0,24.0,93.0,19.0,39.0,77.0,1.0,21.0,6.0,1.0,1.0,29.0,9.0,7.25,133.0,Skeleton,Japan - JP,2 - Year International Limited Warranty,Brown,Leather,Stainless Steel,No clasp type reported,Skeleton,Automatic,50m - 160ft - 5atm,10000.0,44.0,Mens,190.0,Grant
ME3110,796483226937,B,44MM,Available,35.0,25,60.0,0.0,30,5.0,12.0,120.0,84.0,0.0,No status reported,0.0,50.0,85.0,109.0,85.0,42.0,53.0,5.0,5.0,1.0,1.0,1.0,12.0,35.0,3.0,168.0,Blue,Japan - JP,2 - Year International Limited Warranty,Brown,Leather,Stainless Steel,No clasp type reported,Blue,Automatic,50m - 160ft - 5atm,10000.0,44.0,Mens,240.0,Townsman
ME3154,796483346352,A,48MM,Available,30.0,10,40.0,0.0,39,6.5,6.153846153846154,125.0,87.5,0.0,No status reported,0.0,0.0,23.0,72.0,38.0,0.0,21.0,0.0,5.0,20.0,2.0,0.0,27.0,30.0,6.75,175.0,Skeleton,Japan - JP,2 - Year International Limited Warranty,Brown,Leather,Stainless Steel,No clasp type reported,Skeleton,Automatic,50m - 160ft - 5atm,10000.0,48.0,Mens,250.0,Townsman
ME3155,796483346345,B,48MM,Available,22.0,10,32.0,0.0,23,3.8333333333333335,8.347826086956522,125.0,87.5,0.0,No status reported,0.0,0.0,15.0,15.0,13.0,14.0,27.0,1.0,1.0,11.0,1.0,0.0,14.0,22.0,3.5,175.0,Black,Japan - JP,2 - Year International Limited Warranty,Black,Leather,Stainless Steel,Buckle,Black,Automatic,50m - 160ft - 5atm,10000.0,48.0,Mens,250.0,Townsman
ME3160,796483424548,C,44MM,Limited availability,18.0,0,18.0,0.0,12,2.0,9.0,120.0,84.0,0.0,No status reported,0.0,0.0,0.0,0.0,7.0,26.0,5.0,3.0,3.0,1.0,0.0,0.0,7.0,18.0,1.75,168.0,Blue,Japan - JP,2 - Year International Limited Warranty,Brown,Leather,Stainless Steel,Buckle,Blue,Automatic,No water resistance reported,10000.0,44.0,Mens,240.0,Neutra
ME3161,796483424555,C,44MM,Available,0.0,10,10.0,0.0,10,1.6666666666666667,6.0,120.0,84.0,0.0,2019H2,0.0,0.0,0.0,0.0,10.0,0.0,10.0,0.0,0.0,0.0,0.0,0.0,0.0,0.0,0.0,168.0,Gray,Japan - JP,2 - Year International Limited Warranty,Brown,Leather,Stainless Steel,Buckle,Grey,Automatic,50m - 160ft - 5atm,10000.0,44.0,Mens,240.0,Neutra automatic
ME3170,796483471948,A,44MM,Available,35.0,0,35.0,0.0,34,5.666666666666667,6.1764705882352935,120.0,84.0,0.0,2019H4,0.0,0.0,0.0,0.0,0.0,20.0,47.0,6.0,1.0,3.0,2.0,0.0,12.0,35.0,3.0,168.0,Black,Japan - JP,2 - Year International Limited Warranty,Black,Leather,Stainless Steel,Buckle,Black,Automatic,50m - 160ft - 5atm,10000.0,44.0,Mens,240.0,Townsman auto
ME3171,796483471955,C,44MM,Available,27.0,20,47.0,0.0,23,3.8333333333333335,12.26086956521739,120.0,84.0,0.0,2019H4,0.0,0.0,0.0,0.0,0.0,20.0,40.0,2.0,1.0,2.0,1.0,0.0,6.0,27.0,1.5,168.0,White,Japan - JP,2 - Year International Limited Warranty,Blue,Leather,Stainless Steel,Buckle,White,Automatic,50m - 160ft - 5atm,10000.0,44.0,Mens,240.0,Townsman auto
ME3172,796483477858,B,44MM,Available,36.0,0,36.0,0.0,17,2.8333333333333335,12.705882352941176,130.0,91.0,0.0,2019H4,0.0,0.0,0.0,0.0,0.0,10.0,19.0,0.0,3.0,1.0,2.0,1.0,6.0,36.0,1.5,182.0,Black,Japan - JP,2 - Year International Limited Warranty,Grey,Stainless Steel,Stainless Steel,Fold-Over,Black,Automatic,50m - 160ft - 5atm,10000.0,44.0,Mens,260.0,Townsman auto
ME3175,796483480537,C,35MM,Available,6.0,10,16.0,0.0,14,2.3333333333333335,6.857142857142857,110.0,77.0,0.0,2020H1,0.0,0.0,0.0,0.0,0.0,0.0,7.0,0.0,3.0,2.0,1.0,1.0,6.0,6.0,1.5,154.0,Rose gold,Japan - JP,2 - Year International Limited Warranty,Rose Gold,Mesh,Stainless Steel,Buckle,Rose Gold,Automatic,50m - 160ft - 5atm,100.0,35.0,Ladies,220.0,Carlie
ME3181,796483480841,C,48MM,Available,23.0,20,43.0,0.0,6,1.0,43.0,125.0,87.5,0.0,No status reported,0.0,0.0,0.0,0.0,0.0,5.0,13.0,0.0,3.0,1.0,0.0,0.0,4.0,23.0,1.0,175.0,Brown,China - CN,2 - Year International Limited Warranty,Brown,Leather,Stainless Steel,Buckle,Silver,Automatic,50m - 160ft - 5atm,10000.0,48.0,Mens,250.0,Townsman
ME3183,796483497702,C,44MM,Delivery within 6 weeks,3.0,10,13.0,0.0,4,0.6666666666666666,19.5,130.0,91.0,0.0,2020H2,0.0,0.0,0.0,0.0,0.0,11.0,9.0,0.0,0.0,1.0,1.0,0.0,2.0,3.0,0.5,182.0,Black,Japan - JP,2 - Year International Limited Warranty,Black,Stainless Steel,Stainless Steel,Deployment,Black,Automatic,50m - 160ft - 5atm,10000.0,44.0,Mens,260.0,Neutra automatic
ME3184,796483497696,C,44MM,Available,0.0,10,10.0,0.0,11,1.8333333333333333,5.454545454545455,120.0,84.0,0.0,2020H2,0.0,0.0,0.0,0.0,0.0,6.0,7.0,0.0,11.0,0.0,0.0,0.0,11.0,0.0,2.75,168.0,Silver,Japan - JP,2 - Year International Limited Warranty,Brown,Leather,Stainless Steel,Buckle,Silver,Automatic,50m - 160ft - 5atm,10000.0,44.0,Mens,240.0,Neutra automatic
ME3185,796483497689,A,44MM,Available,24.0,0,24.0,0.0,3,0.5,48.0,130.0,91.0,0.0,2020H2,0.0,0.0,0.0,0.0,0.0,15.0,15.0,1.0,0.0,0.0,1.0,1.0,2.0,24.0,0.5,182.0,Silver,Japan - JP,2 - Year International Limited Warranty,Silver,Stainless Steel,Stainless Steel,Deployment,Silver,Automatic,50m - 160ft - 5atm,10000.0,44.0,Mens,260.0,Neutra automatic
ME3188,796483511064,C,28MM,Delivery within 6 weeks,5.0,0,5.0,5.0,11,1.8333333333333333,5.454545454545455,100.0,70.0,350.0,2020H3,0.0,0.0,0.0,0.0,0.0,0.0,8.0,1.0,2.0,1.0,2.0,1.0,6.0,5.0,1.5,140.0,Mother of pearl,China - CN,2 - Year International Limited Warranty,Rose Gold,Stainless Steel,Stainless Steel,Fold-Over,Mother Of Pearl,Automatic,50m - 160ft - 5atm,10000.0,28.0,Ladies,200.0,Carlie mini me
ME3189,796483511071,C,28MM,Out of stock,10.0,0,10.0,0.0,11,1.8333333333333333,5.454545454545455,100.0,70.0,0.0,2020H3,0.0,0.0,0.0,0.0,0.0,0.0,14.0,2.0,2.0,1.0,0.0,1.0,5.0,10.0,1.25,140.0,Mother of pearl,China - CN,2 - Year International Limited Warranty,Silver,Stainless Steel,Stainless Steel,Fold-Over,Mother Of Pearl,Automatic,50m - 160ft - 5atm,10000.0,28.0,Ladies,200.0,Carlie mini me
ME3190,796483513259,C,42MM,Limited availability,19.0,10,29.0,0.0,22,3.6666666666666665,7.909090909090909,115.0,80.5,0.0,2020H3,0.0,0.0,0.0,0.0,0.0,4.0,48.0,3.0,3.0,2.0,4.0,1.0,12.0,19.0,3.0,161.0,Blue,China - CN,2 - Year International Limited Warranty,Silver,Stainless Steel,Stainless Steel,Fold-Over,Blue,Automatic,100m - 330ft - 10atm,10000.0,42.0,Mens,230.0,Fb - 01 automatic
ME3195,796483530492,C,44MM,Available,38.0,0,38.0,0.0,20,3.3333333333333335,11.4,120.0,84.0,0.0,No status reported,0.0,0.0,0.0,0.0,0.0,0.0,8.0,3.0,3.0,6.0,2.0,0.0,14.0,38.0,3.5,168.0,Rose gold,Japan - JP,2 - Year International Limited Warranty,Brown,Leather,Stainless Steel,Buckle,Black,Automatic,50m - 160ft - 5atm,100.0,44.0,Mens,240.0,Neutra automatic
ME3196,796483530508,C,44MM,Available,22.0,20,42.0,0.0,21,3.5,12.0,130.0,91.0,0.0,No status reported,0.0,0.0,0.0,0.0,0.0,0.0,29.0,0.0,1.0,3.0,1.0,1.0,5.0,22.0,1.25,182.0,Two-tone,Japan - JP,2 - Year International Limited Warranty,Two-Tone,Stainless Steel,Stainless Steel,Fold-Over,White,Automatic,50m - 160ft - 5atm,100.0,44.0,Mens,260.0,Neutra automatic
ME3197,796483530546,C,44MM,Available,26.0,0,26.0,0.0,14,2.3333333333333335,11.142857142857142,135.0,94.5,0.0,2021H1,0.0,0.0,0.0,0.0,0.0,0.0,0.0,1.0,0.0,11.0,1.0,1.0,13.0,26.0,3.25,189.0,Black,Japan - JP,2 - Year International Limited Warranty,Black,Stainless Steel,Stainless Steel,Clasp,Black,Automatic,50m - 160ft - 5atm,100.0,44.0,Mens,270.0,Townsman
ME3200,796483534438,C,44MM,Available,17.0,0,17.0,0.0,16,2.6666666666666665,6.375,125.0,87.5,0.0,No status reported,0.0,0.0,0.0,0.0,0.0,0.0,8.0,2.0,3.0,4.0,0.0,1.0,9.0,17.0,2.25,175.0,Silver,Japan - JP,2 - Year International Limited Warranty,Black,Leather,Stainless Steel,Buckle,Blue,Automatic,50m - 160ft - 5atm,100.0,44.0,Mens,250.0,Townsman
ME3201,796483534445,C,42MM,Delivery within 6 weeks,12.0,0,12.0,0.0,20,3.3333333333333335,3.5999999999999996,115.0,80.5,0.0,2021H2,0.0,0.0,0.0,0.0,0.0,0.0,12.0,2.0,3.0,3.0,1.0,2.0,9.0,12.0,2.25,161.0,Gunmetal,Japan - JP,2 - Year International Limited Warranty,Gunmetal,Stainless Steel,Stainless Steel,Fold-Over,Black,Automatic,100m - 330ft - 10atm,100.0,42.0,Mens,230.0,Fb-01 automatic
ME3202,796483536593,C,42MM,Delivery within 6 weeks,0.0,10,10.0,0.0,0,0.0,0.0,120.0,84.0,0.0,No status reported,0.0,0.0,0.0,0.0,0.0,0.0,0.0,0.0,0.0,0.0,0.0,0.0,0.0,0.0,0.0,168.0,Blue,China - CN,2 - Year International Limited Warranty,Brown,Leather,Stainless Steel,Buckle,Blue,Automatic,50m - 160ft - 5atm,100.0,42.0,Mens,240.0,Inscription
ME3203,796483536609,C,42MM,Delivery within 6 weeks,0.0,10,10.0,0.0,0,0.0,0.0,130.0,91.0,0.0,No status reported,0.0,0.0,0.0,0.0,0.0,0.0,0.0,0.0,0.0,0.0,0.0,0.0,0.0,0.0,0.0,182.0,Black,China - CN,2 - Year International Limited Warranty,Black,Stainless Steel,Stainless Steel,Deployment,Black,Automatic,50m - 160ft - 5atm,100.0,42.0,Mens,260.0,Inscription
ME3204,796483539310,C,42MM,Delivery within 6 weeks,0.0,15,15.0,0.0,0,0.0,0.0,130.0,91.0,0.0,No status reported,0.0,0.0,0.0,0.0,0.0,0.0,0.0,0.0,0.0,0.0,0.0,0.0,0.0,0.0,0.0,182.0,Black,China - CN,2 - Year International Limited Warranty,Gold,Stainless Steel,Stainless Steel,Deployment,Black,Automatic,50m - 160ft - 5atm,100.0,42.0,Mens,260.0,Inscription
ME3205,796483539327,C,42MM,Delivery within 6 weeks,0.0,15,15.0,0.0,0,0.0,0.0,120.0,84.0,0.0,No status reported,0.0,0.0,0.0,0.0,0.0,0.0,0.0,0.0,0.0,0.0,0.0,0.0,0.0,0.0,0.0,168.0,Black,China - CN,2 - Year International Limited Warranty,Black,Leather,Stainless Steel,Buckle,Black,Automatic,50m - 160ft - 5atm,100.0,42.0,Mens,240.0,Inscription
ME3206,796483555068,C,42MM,Available,31.0,0,31.0,0.0,9,1.5,20.666666666666668,130.0,91.0,0.0,2021H4,0.0,0.0,0.0,0.0,0.0,0.0,0.0,3.0,0.0,1.0,4.0,1.0,8.0,31.0,2.0,182.0,Smoke,China - CN,2 - Year International Limited Warranty,Grey,Stainless Steel,Stainless Steel,Deployment,Grey,Automatic,50m - 160ft - 5atm,100.0,42.0,Mens,260.0,Everett
ME3207,796483555075,C,42MM,Available,27.0,0,27.0,0.0,13,2.1666666666666665,12.461538461538462,120.0,84.0,0.0,2021H4,0.0,0.0,0.0,0.0,0.0,0.0,0.0,3.0,0.0,10.0,0.0,0.0,13.0,27.0,3.25,168.0,Black,China - CN,2 - Year International Limited Warranty,Brown,Leather,Stainless Steel,Buckle,Black,Automatic,50m - 160ft - 5atm,100.0,42.0,Mens,240.0,Everett
ME3208,796483555082,C,42MM,Available,41.0,0,41.0,0.0,9,1.5,27.333333333333332,120.0,84.0,0.0,2021H4,0.0,0.0,0.0,0.0,0.0,0.0,0.0,3.0,0.0,0.0,5.0,1.0,8.0,41.0,2.0,168.0,Gold,China - CN,2 - Year International Limited Warranty,Black,Leather,Stainless Steel,Buckle,Black,Automatic,50m - 160ft - 5atm,100.0,42.0,Mens,240.0,Everett
ME3210,796483555099,C,44MM,Available,20.0,0,20.0,0.0,10,1.6666666666666667,12.0,125.0,87.5,0.0,2021H4,0.0,0.0,0.0,0.0,0.0,0.0,0.0,3.0,2.0,5.0,0.0,0.0,10.0,20.0,2.5,175.0,Gold,China - CN,2 - Year International Limited Warranty,Black,Leather,Stainless Steel,Buckle,Black,Automatic,50m - 160ft - 5atm,100.0,44.0,Mens,250.0,Townsman
ME3211,796483555549,C,34MM,Available,19.0,0,19.0,0.0,1,0.16666666666666666,114.0,105.0,73.5,0.0,2021H4,0.0,0.0,0.0,0.0,0.0,0.0,0.0,0.0,0.0,1.0,0.0,0.0,1.0,19.0,0.25,147.0,Rose gold,Japan - JP,2 - Year International Limited Warranty,Rose Gold,Stainless Steel,Stainless Steel,Deployment,Brown,Automatic,50m - 160ft - 5atm,100.0,34.0,Ladies,210.0,Stella
ME3214,796483561380,2022H1,34MM,Available,17.0,0,17.0,0.0,3,0.5,34.0,105.0,73.5,0.0,2022H1,0.0,0.0,0.0,0.0,0.0,0.0,0.0,0.0,0.0,2.0,0.0,1.0,2.0,17.0,0.5,147.0,Silver,Japan - JP,2 - Year International Limited Warranty,Two-Tone,Stainless Steel,Stainless Steel,Deployment,Silver,Automatic,50m - 160ft - 5atm,100.0,34.0,Ladies,210.0,Stella
ME3220,796483570795,2022H2,42MM,Delivery within 6 weeks,0.0,30,30.0,0.0,0,0.0,0.0,130.0,91.0,0.0,No status reported,0.0,0.0,0.0,0.0,0.0,0.0,0.0,0.0,0.0,0.0,0.0,0.0,0.0,0.0,0.0,182.0,Blue,China - CN,2 - Year International Limited Warranty,Silver,Stainless Steel,Stainless Steel,Fold-Over,Blue,Automatic,50m - 160ft - 5atm,100.0,42.0,Mens,260.0,Everett
